block,run,trial,condition,mode,label,n_samples,ch00_mu_logpower,ch00_beta_logpower,ch01_mu_logpower,ch01_beta_logpower,ch02_mu_logpower,ch02_beta_logpower,ch03_mu_logpower,ch03_beta_logpower,ch04_mu_logpower,ch04_beta_logpower,ch05_mu_logpower,ch05_beta_logpower,ch06_mu_logpower,ch06_beta_logpower,ch07_mu_logpower,ch07_beta_logpower,ch08_mu_logpower,ch08_beta_logpower,ch09_mu_logpower,ch09_beta_logpower,ch10_mu_logpower,ch10_beta_logpower,ch11_mu_logpower,ch11_beta_logpower,ch12_mu_logpower,ch12_beta_logpower,ch13_mu_logpower,ch13_beta_logpower,ch14_mu_logpower,ch14_beta_logpower,ch15_mu_logpower,ch15_beta_logpower
1,1,0,baseline_eyes_open,eyes_open,rest,437,7.505190450828637,7.577452796573982,10.190256863151625,10.027881129701923,7.829612731298545,7.647785100336374,7.87482123715642,7.7341668067949065,7.731803907085413,7.582769677018987,7.860526845427449,7.743423807993636,7.811302169488204,7.653634712414823,7.890367812289489,7.757149749769914,7.7618076969312755,7.8409335749435245,7.82578180720045,7.9121988425895475,7.7713746175541205,7.85743814099915,7.707124755687982,7.802248798667145,7.738037929908667,7.79586510704711,7.806661356584289,7.888118323825143,7.788483030184572,7.834133424771754,7.78937379623187,7.861360614216646
1,2,0,baseline_eyes_closed,eyes_closed,rest,437,7.54466552835821,7.4433198484482075,10.276770040334492,10.156071166067848,7.372376625032383,7.353697671381358,7.465203671903407,7.419845138101855,7.328272895996043,7.282692003435534,7.521330677574618,7.409476757566773,7.392781917702662,7.3233034086953355,7.507360163607926,7.427287708321937,7.479682506554423,7.428405437631761,7.538176011398616,7.5293881586614475,7.483805003439381,7.4456632623853025,7.438632018807905,7.392342221618784,7.444057851212787,7.393494770449445,7.5037499001410275,7.541200559179845,7.479764436300068,7.487406631263833,7.475346788417274,7.5435216306521164
1,3,1,real_unilateral_fists,real,rest,437,7.292796504145084,7.24455031007993,10.074799633761009,10.063833582495178,7.190303003379886,7.076418533956462,7.234884711442359,7.1747897666360805,7.102758264827919,7.009801929163809,7.266258932586741,7.179483624091878,7.171725825807303,7.062826799074659,7.26932960743011,7.192401089501111,7.22810591852546,7.127322205978881,7.343113671015343,7.215557524532741,7.236278845360598,7.132503051162313,7.205718870860874,7.081211786861457,7.154338359396648,7.031846539080823,7.312737111050125,7.219059485685701,7.286718004178581,7.123710627650629,7.298344562875322,7.170490167872793
1,3,1,real_unilateral_fists,real,right_fist,432,8.001630494010827,7.988019674360783,11.056431724685623,10.909733720225494,7.504573326177087,7.316112934317792,7.600812346112578,7.483477047807466,7.39228728179505,7.227767259410642,7.553968152427507,7.399560417347033,7.449249686427881,7.283598836599888,7.56122632453354,7.428642039059531,7.591624156271724,7.843190923749636,7.4290940050044,7.656850960371367,7.450270597536316,7.3480305811817335,7.432943508464414,7.321546049812376,7.329214425694561,7.386655911758793,7.565692658258249,7.451286547855359,7.4302879116041085,7.424310138897779,7.463630486237906,7.419491828306992
1,3,2,real_unilateral_fists,real,rest,437,7.391479398500954,7.28346946711172,9.854266846317188,10.043504922449813,7.037426563174967,7.179927512632012,7.186491013300468,7.219029682809994,6.9402171386967195,7.073197915484247,7.140920723992009,7.2481557269583785,6.972245668791599,7.135809981391648,7.137262867876909,7.273200515616934,7.276414382814854,7.118533854284312,7.330022792425717,7.215357588702855,7.282580359469285,7.150417225164323,7.210189979745785,7.123411806115558,7.239063919673106,7.098647463501143,7.384459837967225,7.235690575371377,7.312624339121627,7.145352597026703,7.371177304655482,7.174192330990203
1,3,2,real_unilateral_fists,real,left_fist,436,7.197693565983532,7.086518435293799,9.862703393289943,9.890684369666777,7.104350550026303,7.254632779227884,7.126515410400742,7.345106705331053,7.062972095086082,7.150052754657533,7.22451300806534,7.327023890411705,7.090864953306276,7.200966756154417,7.223746218793104,7.319930552581747,7.3037993897717595,7.138983225357151,7.387070713665722,7.268232018455625,7.304911941419504,7.195848720513842,7.225827457355697,7.149331734932496,7.18628616153815,7.083481386806435,7.392602889346463,7.2274776804545935,7.295083412740936,7.178720456783521,7.354484947871078,7.207204265589972
1,3,3,real_unilateral_fists,real,rest,437,7.395431466781041,7.204793036260392,10.071403129747276,9.88634945267785,7.258244900230614,7.1021561619866445,7.26273016467407,7.165566661605614,7.119306761282105,6.982961968706217,7.286504285141324,7.173015737921519,7.198879179392519,7.017470376091577,7.31894688645269,7.1667864496301315,7.19299508871122,7.124324190858252,7.295691349379016,7.229718596397739,7.211444044779328,7.16989643265089,7.164664124501953,7.091973767814808,7.119666274663887,7.089202086137917,7.285688186121365,7.227212265028471,7.181713165442568,7.164734384868584,7.214642796794094,7.188980152783527
1,3,3,real_unilateral_fists,real,right_fist,437,8.070473262210664,7.997396379819138,10.889812526135495,10.948924698322362,7.421211874305726,7.465998829253516,7.393694775493109,7.550411696447328,7.215371619920253,7.38175394924025,7.460951997043488,7.513089939104928,7.3062350763251365,7.445641137023319,7.458068787872613,7.553885617446793,7.491322326307467,7.479947807584367,7.5626177995515524,7.602466844037355,7.533847194115736,7.51281984776236,7.412368704084152,7.44711211804279,7.417302891039827,7.443422649000328,7.5487521259986705,7.597019818441248,7.497514806762884,7.521334847480008,7.532483481267955,7.532228541110096
1,3,4,real_unilateral_fists,real,rest,436,7.410114815742347,7.430061923977957,10.162789389673412,10.153466615089172,7.086117897528012,7.074516043896002,7.104538519931201,7.172286990242481,6.92955112277167,7.001517722665628,7.137510334795853,7.184050376898401,7.021247966097588,7.026217672449788,7.1447698636231545,7.173911595452634,7.075004343956374,7.060767932197599,7.193917293791943,7.206170357838724,7.078353957130174,7.117551465706292,7.030506151371363,7.079495585697553,7.023989565952151,6.998260933777238,7.1729638760329095,7.18652898258311,7.066017854977543,7.125985577988359,7.099706518493542,7.164960553225114
1,3,4,real_unilateral_fists,real,left_fist,434,7.338558398261364,7.296349922275589,10.06592438635082,9.959365614569922,7.163683357444925,7.023656569896885,7.2098895080707255,7.1128376203396675,7.136569387957792,6.876987727325403,7.198546331285424,7.1501250638961675,7.111634900691066,6.983487341451319,7.205820417213961,7.1405035443590394,7.2107190138443285,7.100986813160085,7.328139141050218,7.186607083460152,7.202845265915335,7.086060861634161,7.161597427681616,7.0204544189354365,7.149722254744217,7.0504812610485805,7.338778306274952,7.160114508148193,7.2397012561906955,7.076347012297345,7.272551244664943,7.106521007687337
1,3,5,real_unilateral_fists,real,rest,437,7.076456966749649,7.171247860355589,9.944820222447778,9.852895844919674,7.0144987394942575,6.9638711171461996,7.049878528074798,7.032559429187956,6.974780604933679,6.838772557864195,7.058714326187756,7.05417606042158,7.011246045896738,6.878765652146252,7.0835656104878195,7.043016348889814,7.0981935352599015,6.912027174198707,7.231578808143126,7.049200559657806,7.163700497025761,6.923863026016126,7.077149467189846,6.899149373684007,7.02609159745438,6.861196731843549,7.228311598526214,7.087732001455522,7.148990944305178,6.9623184178922175,7.178082049106356,7.024367798662507
1,3,5,real_unilateral_fists,real,left_fist,436,7.85064493949794,7.719582040360834,10.73380895956284,10.958959145661948,7.432652417672751,7.514393126468392,7.598642175534988,7.707246434140474,7.313737163654241,7.384431933312615,7.507342094076565,7.55362314398396,7.385815195092151,7.451848170316364,7.528420521243685,7.570847103595362,7.5276795388904105,7.48836763273134,7.4861073351042124,7.651353031670086,7.414688919018754,7.476642969540871,7.490641686012857,7.397739926646166,7.336027500700927,7.414503557966501,7.521216173830963,7.554320029702135,7.3654424624022345,7.507914981263945,7.42236513286397,7.52306309180115
1,3,6,real_unilateral_fists,real,rest,437,7.3101911023946045,7.544260688985387,10.45162352446992,10.393064457931102,7.194595066542085,7.062530167858951,7.245108369170368,7.148587805163867,7.120559607020467,6.8733987665604745,7.228377862863953,7.156459628309677,7.120246844763908,6.9925495074578485,7.2162046135307,7.1521520417023385,7.116159614456828,7.023618462838161,7.205538915857646,7.187904988317648,7.153074099220923,7.037517109800395,7.021505411548325,7.038702867206513,7.0287064513628135,7.000910518261577,7.201046092669557,7.188667349436138,7.148513022776507,7.07515940799942,7.154369890353581,7.117763723389339
1,3,6,real_unilateral_fists,real,right_fist,435,7.251625480686435,7.761845760675817,10.105163327234793,10.140245779836244,7.000749071475193,7.2950580842509405,7.093269334842685,7.341741686089324,6.894944949553359,7.2026994530620625,7.127730515372001,7.335942950577667,6.98325846102726,7.245085538239836,7.138059076277302,7.349010860963383,7.024183913184936,7.3554035995329805,7.170974715107185,7.423368330954728,7.038777848795683,7.362813077964015,6.964313228235721,7.315267629038113,6.951860726792033,7.3074324024307185,7.147947935222488,7.426064507500814,7.057083299744047,7.357788352714571,7.09510570602423,7.406644993507482
1,3,7,real_unilateral_fists,real,rest,437,7.323439193241184,7.427003266261266,10.069927969657297,10.00423715842796,6.98605929381645,6.906899976965872,7.082478067291041,6.973773687011361,6.903760903377688,6.77355953352767,7.089899696555207,7.003527553976929,6.989417102289029,6.813456946410556,7.105018042449118,7.004633889751597,7.053869189619499,7.020778813802949,7.174895492331354,7.1333685067624275,7.083639118656432,7.042517851939302,7.015371737286913,6.994079833538538,6.922816350025855,6.974503758274135,7.18389508507301,7.135201690143328,7.060205677464667,7.038274444205384,7.141249239410398,7.07963944027785
1,3,7,real_unilateral_fists,real,right_fist,436,7.8152125090552795,7.672174765141468,10.822773415925601,10.7633925150449,7.059894739819969,7.046931726369339,7.215794392534148,7.077038677740368,6.8867720283880685,6.919475541567221,7.137928188075692,7.110269052750033,6.993631217763885,6.997949081388551,7.190582997013136,7.12325055206737,7.151579242829893,6.975965731163959,7.173110759239981,7.078094387525385,7.137468576306974,6.987206125714076,7.004375693526009,6.994895183588741,7.115069203064791,6.89564116666476,7.194444993164517,7.06840364658436,7.121621398743692,7.006609488791609,7.140848764603447,7.029588357096736
1,3,8,real_unilateral_fists,real,rest,437,7.512854426686022,7.248517119640325,10.017498719722436,10.018050008442401,6.9523191821223715,6.8822146979450105,7.015654405970513,6.9379856684915655,6.822752060571214,6.791692933800403,7.029389837737434,6.969737827987531,6.892177903470567,6.838699760281177,7.032186263103645,6.969126236355993,7.1018775955515325,6.903463525864642,7.152941540213444,7.071979226044599,7.1101331104835035,6.965055628554057,7.04356440223175,6.894400524993057,7.078211084464232,6.822662571487134,7.175299705173541,7.080663083691673,7.103787686051489,6.954072404274646,7.13329955839592,7.018002646309603
1,3,8,real_unilateral_fists,real,left_fist,435,7.156013597985032,7.0619246745084014,9.822343901542885,9.722111417327305,7.0395184209042,6.797022572326653,7.060824382251724,6.902225389110973,6.912765840627719,6.701533512088558,7.087120546861754,6.926435259457338,6.9754321897587115,6.749240555011942,7.147421119481368,6.899245904764269,6.900450533941605,7.025162419056682,7.033791923261737,7.108632842086112,6.950874580579756,7.06151897001004,6.9435375121073,7.021078652617138,6.908888523049203,6.946653073094297,7.054086374620932,7.12068021872327,6.940259026348665,7.053407851286202,7.0245463907822225,7.077075308131406
1,3,9,real_unilateral_fists,real,rest,436,7.436281060831604,7.23965297427852,9.974117184280832,9.97301623817372,6.896262541927751,7.002775018077051,6.9889976582880085,7.069045821368611,6.751446692644209,6.905881335313805,7.010369658699903,7.101996886890066,6.849146625716362,6.9507916430417245,7.045765514276113,7.089759612695897,6.961089786179436,7.014575558095943,7.130671766387297,7.099251603605103,6.990389494277025,7.052013372167281,6.993016588748597,6.963003545090178,6.93161735100253,6.92831083286374,7.1338357750061245,7.086797872804446,6.982595257835916,7.050280952024804,7.071583117880029,7.064221839738735
1,3,9,real_unilateral_fists,real,left_fist,437,6.916637672111807,7.016486361979114,9.846234065054805,9.7436760983015,6.999341763339713,6.935302987067739,7.118213754117228,6.986870390591839,6.842881984928991,6.852496926057508,7.129332092208062,6.997792763800564,6.969634953608425,6.865320495700319,7.141059789392995,6.99200106239508,6.742271285357481,6.997006795117258,6.8665412844035965,7.102478882026132,6.8245380337077215,7.01432147662303,6.746675959299341,6.97356618719059,6.635969483262595,6.946156282749456,6.88300550010079,7.102400935091195,6.762314893478208,7.0111616413508795,6.850974701911715,7.0501716437996365
1,3,10,real_unilateral_fists,real,rest,437,7.268644100715768,7.200221526778505,10.062702672478842,9.859110322132823,7.063725625254623,6.8229104670558085,7.1045657453757975,6.910713693155285,6.8720341839118655,6.75163139060823,7.162173941063895,6.919811492534304,6.982255643373838,6.773275234559744,7.150293621809583,6.927054020165133,6.831110570827511,6.982484147654293,6.970250662804892,7.126280202525249,6.878463004974691,7.014449038475118,6.867690573941405,6.947946030763032,6.7851631439976225,6.921333081392715,7.002014471199637,7.131146110040225,6.886509557489655,7.032252019542687,6.960093806768731,7.065250399148129
1,3,10,real_unilateral_fists,real,left_fist,436,7.214658656666176,7.050279935846412,9.815154708842897,9.74291093976247,6.994121439307768,6.875875663355103,7.053451517516666,6.936428819722926,6.817780603941591,6.788699927555017,7.094025315187751,6.960019991142147,6.926951878256971,6.80955584216882,7.0781874136269,6.9637803147384245,6.932767511348496,7.014961268354879,7.076016549852848,7.099591172036221,6.967787271247131,7.0243838322094305,6.963772820731027,6.966563085720348,6.89961430212937,6.913045862057242,7.066853410036263,7.091524781494844,6.977367472928043,6.996434013460465,7.007122180209522,7.054823711159291
1,3,11,real_unilateral_fists,real,rest,437,7.328911900452387,7.2123548420793275,10.045752439874983,9.952940278651262,7.094758254558295,6.830797609923999,7.177309335011525,6.914061271313093,6.984518420812351,6.739610230264811,7.15485580319076,6.970757590243257,6.977209160479304,6.824076196088969,7.151873001195397,6.962268701289964,6.931184057432528,7.039806364433471,7.126526672876662,7.155841272099799,6.989629321608001,7.06761326166522,6.994947278890343,7.0069244523722025,6.8796486605043,6.966583044049536,7.123671475451079,7.152976256478512,7.028062736689877,7.042565878425859,7.104067292182377,7.081490399182711
1,3,11,real_unilateral_fists,real,right_fist,437,7.351876067434389,7.272224673542822,10.026317089947527,10.109904504257312,6.870773215341431,6.984411399704979,6.928938611390035,7.0596080395400005,6.720378376679931,6.85886204663507,6.9927597067603715,7.049497930938173,6.807616104403308,6.902649102020701,7.000638079382225,7.045830667516877,7.006109323642138,6.921479474813076,7.09478343897565,7.083468268879835,6.993256420907653,6.985209482042767,6.915502719716043,6.917723422426434,6.93910363406633,6.845491687650757,7.094611864715729,7.0838903765416426,6.997383282642561,6.974557642643133,7.067068781225848,7.017645782806082
1,3,12,real_unilateral_fists,real,rest,436,7.1239552132121915,7.306392694769206,10.083670074342022,10.015212683836888,6.982583778008477,6.848303553033652,6.977472665593339,6.967958402327073,6.884791044528373,6.733030441197312,6.985034161371978,6.994427748911839,6.891445765102814,6.784051405070745,6.987868164787078,6.986889795167016,6.931365808811568,6.942206665809723,7.088987782790561,7.044883509716723,7.005390908491226,6.956672900900635,6.893075300482554,6.905710979787061,6.780829399682568,6.911714791345616,7.107305443964495,7.04006207963648,6.955579953221939,6.973848511531397,7.044302260467555,7.003487646574183
1,3,12,real_unilateral_fists,real,right_fist,436,7.25968142921155,7.282389272405903,10.112370552788807,10.032469510439359,6.869430419337235,6.869277038360368,7.005005677013755,6.8910520151846395,6.7637545805408665,6.759173801296278,7.009255917257256,6.943729074371832,6.808546320062186,6.828827188520586,6.99011014721304,6.9558434018331186,6.7759842050331756,6.892169636774634,6.913407020360497,7.062607398740618,6.85751414822101,6.928248755689504,6.752722707645689,6.864860551791597,6.718414096911702,6.7795605517034625,6.880678021098913,7.042993025457561,6.820421310225165,6.91359831906807,6.859058917779261,6.96008641076446
1,3,13,real_unilateral_fists,real,rest,437,7.471003756246132,7.213022730517959,10.026350115427169,10.006581024885019,6.78360064184551,6.7820926610262715,6.831931593715033,6.871210113769993,6.505598668660138,6.710140660081985,6.890249537820627,6.876780783580565,6.656291534831036,6.72849651024966,6.884670282581022,6.87166079763655,6.850215162999911,6.794038993359429,6.967101183176966,6.946749095685212,6.840630108725055,6.844323116539392,6.855805887459236,6.777325331743814,6.860185279030133,6.67501691766252,6.982783508175462,6.908918433258547,6.900495018897437,6.791135086255281,6.930566011659361,6.854580482435061
1,3,13,real_unilateral_fists,real,right_fist,434,7.201291673176345,7.209305043738714,9.944815074356763,10.01775890112848,6.798359036831797,6.877401075420033,6.925357447173062,6.922777466979267,6.633283649054227,6.744616457852651,6.935341988438243,6.96470321928448,6.6967515611351365,6.831006676528739,6.941978077758126,6.966007208861136,6.851096615431169,6.883170294805661,7.0231092794116705,7.012001254407993,6.906335923510482,6.904935983199981,6.8575332386457015,6.884579447655762,6.775877233735522,6.839158915281951,6.968725891283884,7.0108747232383655,6.874931450858147,6.912918056211518,6.95380028966093,6.935411161654325
1,3,14,real_unilateral_fists,real,rest,435,7.212164803879632,7.316773339806378,10.110719381226488,10.04830058320928,6.9069898105574525,6.816615778845175,7.071487301318094,6.855357608518413,6.831239144999638,6.663076686540406,6.993854527126504,6.942204564299199,6.860202114881652,6.757253360388125,6.9851760262835505,6.936671758450576,6.856588555098181,6.857852508666982,7.0146717520773665,7.280743753330578,6.916457752860285,6.8758145003410025,6.873979164375042,6.801585316978738,6.803684266808695,6.828889006784443,7.054464790332683,7.00072725571277,6.922873590365642,6.901644356955105,7.019867619800513,6.928802648565809
1,3,14,real_unilateral_fists,real,left_fist,437,6.760570708155262,6.899657010301505,9.756561930118128,9.572355407533388,6.789638083538183,6.737359298869611,6.87933057037015,6.813350802793822,6.727200604103605,6.576577721435542,6.8998465668522675,6.819202359015518,6.774770699346905,6.622727421581523,6.897247205259654,6.824401513896856,6.698538228322084,6.788727956315929,6.835563377829913,6.902804272256579,6.772647116393208,6.815750800539126,6.794805673635264,6.7651783121963955,6.584226978337322,6.709208547107734,6.869903495490298,6.855262199723227,6.715973535668826,6.782622219932794,6.790772127859374,6.829841692977562
1,3,15,real_unilateral_fists,real,rest,436,7.181981987237018,7.083295475397382,9.95441020023947,9.854820427061432,6.903530437564328,6.818372735995697,6.953998942781809,6.919601942656195,6.801223195768213,6.718206125016807,6.973880468977477,6.922413155417627,6.835195406605934,6.764243146237427,6.981618912380932,6.931913997391094,6.936436176210744,6.794341799162695,7.047915688280656,6.955377293633699,6.986766329828293,6.836452721768753,6.925303701343893,6.805847166227125,6.878357342186358,6.7145514442706675,7.065642771316461,6.969421867640434,7.0001644548183775,6.808891761341609,7.033868737279047,6.885259598782705
1,3,15,real_unilateral_fists,real,left_fist,436,6.919481603915094,6.7197205374936315,9.624935080607452,9.600319199786725,6.939921382317918,6.850601157783216,7.009395125536184,6.93008131006836,6.792373876486167,6.715406972843168,7.046274627641256,6.91994632983188,6.897765772421536,6.7352823350422195,7.00567751610286,6.93689707091083,6.989750595942251,6.760707102140929,7.1221306314016175,6.849461534714315,7.02688355798991,6.77414254068118,7.044636701136492,6.683778272230619,6.884270148410299,6.694999176382797,7.081337622562438,6.888391163720315,6.94618174643938,6.797173257461014,7.026424294657148,6.857856188965603
1,4,1,imagined_unilateral_fists,imagined,rest,436,6.888272040584215,6.910225066026044,9.836441286371269,9.795629803156642,6.911241434088323,6.887008996156618,6.913134028080879,6.98645450349926,6.737048227613857,6.813434698774535,6.949488065673802,6.998785068795078,6.797841360546552,6.85189227853185,6.940988628616087,7.012517441554429,6.914946679511932,6.854879711151282,7.0109904532376195,6.991613824259171,6.94408350282867,6.899698266191166,6.838646676978994,6.852994055527572,6.845180808047969,6.775530090333232,7.011645812591951,7.02710404238122,6.900150029840501,6.9021064005291155,6.936333710770277,6.968782226718219
1,4,1,imagined_unilateral_fists,imagined,right_fist,434,7.070730897912206,6.916958821211676,9.848284211229092,9.809784891204112,6.844982979752081,6.883242731983848,6.989722077463684,6.952680198916277,6.781917747281621,6.753124346882895,6.9889754182159916,6.965466004923283,6.808390670699554,6.816764211538602,6.978336621403137,6.972243718594854,6.996812780978188,6.83758257911135,7.132124379629238,6.96698583082634,7.0321423618567,6.8848297668701015,6.969509612400003,6.843138189281486,6.923156074345618,6.767459397877338,7.160348239458629,6.979180672074016,7.018971312878163,6.859570116940988,7.090595820853204,6.90772485137352
1,4,2,imagined_unilateral_fists,imagined,rest,436,7.200423795000009,7.423676851199065,10.47594171342937,10.479716321442405,6.976822834735148,6.845925134154999,7.046478130541146,6.940447132289959,6.874097858753043,6.743565285857769,7.084466187989646,6.9259320252494785,6.946302369604871,6.785769758212952,7.087532993507149,6.940355090375776,6.785819483063406,6.974862732333247,7.0214046603595035,7.313915169649387,6.893597520410985,6.99419912337257,6.848620478736451,7.010371924579308,6.67344579004216,6.893889933135181,6.944464366858593,7.131575199242656,6.797339094285202,7.0105585366002545,6.854422522332027,7.0438152414355075
1,4,2,imagined_unilateral_fists,imagined,left_fist,437,7.113049437530528,7.1041762143468326,9.975776713178355,9.971891533237976,6.758825101893385,6.84119442707076,6.862863145295314,6.921383295371969,6.610790302791016,6.739205690222022,6.893167631110878,6.9356719957966915,6.690888014250716,6.775331409196175,6.878777110567283,6.941856201168207,6.7565464858106985,6.851992956437652,6.947477657495314,7.008915040369323,6.7930598938089926,6.887851274085865,6.781850229031169,6.850663669758342,6.718332552235201,6.742640891171239,6.950958860520795,6.968205157538254,6.795563233944561,6.866462091442767,6.857585531040767,6.916393568994139
1,4,3,imagined_unilateral_fists,imagined,rest,435,7.158393336025979,7.06089017996599,9.912756626482736,9.985770026232451,6.699869697211119,6.739339505305321,6.802066158698046,6.811824744487319,6.521586110780473,6.6992390105899275,6.815266829346167,6.860077728867149,6.579880596842901,6.741105588575066,6.822394835864237,6.860113589883068,6.786688404547024,6.841949640940832,6.9102849249492095,6.998198125380425,6.818473574486629,6.875749517634153,6.77386802547598,6.803369634513712,6.742207595457621,6.7260888576018125,6.92811677339463,6.997491809692762,6.828450754919201,6.882801520058955,6.882841568697473,6.942765372326559
1,4,3,imagined_unilateral_fists,imagined,right_fist,434,7.033720125840255,7.214800703557197,10.067976666282998,10.038381430286918,6.807942444729111,6.8678607301816434,6.841790586243455,6.9596946590708,6.769229989426911,6.708638994544807,6.90975241822613,6.969558338417904,6.774922708476735,6.760146791956924,6.894585272905705,6.969905019681821,6.876285678224189,6.888240886254708,7.03148386856685,7.011895992489482,6.929537396118488,6.8906983168330616,6.850592436266149,6.83814789949477,6.748111289574172,6.839422988410973,7.0409338367856575,7.002283985196111,6.909103500316513,6.882774340867525,6.950584302285222,6.959142581662582
1,4,4,imagined_unilateral_fists,imagined,rest,437,7.311241992972177,6.976750329146189,9.989189490477129,10.000160305050732,6.780978277073256,6.7579376789315875,6.907209940213236,6.841552519079628,6.614014699085826,6.683542555866723,6.943943949232367,6.87488441473844,6.7169161405209445,6.7234153748394,6.953179055456778,6.865427156739514,6.98597585182396,6.779515926142751,7.101270410745212,6.97965588272815,6.991514257439031,6.845209379136385,6.969190386958378,6.763390564668783,6.938305629521227,6.685482206709362,7.06106801982909,6.9832467994162934,6.950908253132415,6.8633842326263785,7.000418669933094,6.932433491474501
1,4,4,imagined_unilateral_fists,imagined,right_fist,436,7.1779899851194955,7.0624938970669975,9.968348589945611,10.031420268104322,6.743575195408343,6.83810473651497,6.823910156410059,6.930685206136212,6.626315703585438,6.732252204034869,6.833510391467287,6.973574305209975,6.644335093374532,6.792191514263965,6.826282235748043,6.980085342123255,6.899112279252934,6.7833708220544935,7.052950304704229,6.949529076278874,6.9241153820129515,6.846143374595893,6.8949262032397405,6.768047084953763,6.795416997871617,6.710422797443118,7.05160272640916,6.9573733410969165,6.948427422918996,6.8013157347155575,7.0007057249609455,6.8835797344516445
1,4,5,imagined_unilateral_fists,imagined,rest,436,7.170674040369656,7.109648051826074,10.036181700184292,9.984812587328458,6.857095250658297,6.772778777398835,6.8817293538644195,6.90421907111878,6.663120425209934,6.705937062672999,6.930385291731779,6.915514806197418,6.76850008833059,6.723297344385381,6.94113606025373,6.90761091051754,6.7392071083500085,6.8544699521383246,6.83167656317097,6.970608446236271,6.764120723475809,6.880157100868725,6.687470455069376,6.780240788110432,6.666841284753685,6.762633477653738,6.889386505378199,6.972750905848846,6.801457647907886,6.871886569097691,6.889238536710185,6.9115131337724325
1,4,5,imagined_unilateral_fists,imagined,left_fist,437,7.190677707894882,7.048518507080677,10.034042010920643,9.99454502397175,6.739066477305628,6.829276499760942,6.806760779428533,6.9325603400379965,6.622449141934179,6.732674604611132,6.8703129921162915,6.926206115193425,6.675809891931232,6.755175217636201,6.848141846145446,6.936594143275793,6.845872176040689,6.7583398645523625,6.951894385503936,6.923558690818192,6.873972209449509,6.780151086636891,6.82245264593813,6.7168943692111815,6.790374493516996,6.668871258959706,6.940104912263995,6.944472337517245,6.884325525174297,6.779238080175752,6.922431513522877,6.846482998321601
1,4,6,imagined_unilateral_fists,imagined,rest,437,7.188547263040184,7.044606718878385,9.87466807213035,9.96502494253132,6.688210805318252,6.724809638301004,6.804085252989895,6.791420284628429,6.576204040845618,6.642828763196764,6.822812894437149,6.836322184275063,6.588648452911972,6.698070583852905,6.822197464782961,6.851849570716976,6.872759905632093,6.761396450534624,6.979879220114181,6.933596517266211,6.890794437398365,6.785019936789189,6.848142584611298,6.732254875473798,6.8491235980361145,6.6419130944356795,6.971110942868362,6.947959098030968,6.871039478481404,6.786990049192816,6.932802252052101,6.847630345961189
1,4,6,imagined_unilateral_fists,imagined,left_fist,433,7.2011430817952515,7.02083193832844,9.994091222571143,10.000464330274854,6.781915352191321,6.741598846964651,6.876093310078077,6.83426625357542,6.7590836942768995,6.609711858889863,6.853112807187201,6.896057179702138,6.7538663593253325,6.666941584795131,6.881078794936748,6.883484134984267,6.993700685675237,6.690927611811784,7.111374666488206,6.894951966673845,7.025415921686647,6.73590361300983,6.972052779363821,6.700359321361119,6.876081403574566,6.654428960356829,7.0960746709211335,6.903355891746065,7.015230598913234,6.756718434974667,7.039260258979491,6.848097797353947
1,4,7,imagined_unilateral_fists,imagined,rest,437,6.9332401929132645,7.037139682877632,10.05343855716163,9.87398215840865,6.851748954230007,6.59457155108786,6.94405628853016,6.692954070427176,6.71975599815568,6.503686461797966,6.954059921229259,6.729072736871613,6.782962997191122,6.546744830362633,6.977515802820745,6.723579732947221,6.581873239008452,6.755873020802084,6.764999588793096,6.924425421118298,6.639085670315553,6.797500429071257,6.547918726761785,6.769396865064749,6.508739655346494,6.680614171211818,6.799890706378838,6.902970922773267,6.667780651304245,6.779853249443572,6.740554955620321,6.8441689351114965
1,4,7,imagined_unilateral_fists,imagined,left_fist,437,7.021781235210235,7.017354470939295,9.993953462630682,9.943465979455542,6.745838161687452,6.670991103726777,6.842832864456898,6.7714163611873595,6.680095499381046,6.567292959161424,6.871697490384506,6.808525740201955,6.666440965515754,6.621791516763568,6.8310644373825795,6.822275609120715,6.786419018079164,6.666661629067701,6.882468924542513,6.8207869482227945,6.804899643164464,6.704899613926023,6.714242061805085,6.637846861389104,6.689745158161719,6.583838092634393,6.874018709646616,6.867209728059445,6.7770669113337005,6.690538844909468,6.83759583593098,6.77776093627303
1,4,8,imagined_unilateral_fists,imagined,rest,437,7.167450200272,7.103342973458818,10.028516384011759,9.975979724947667,6.852101138714226,6.714218214299994,7.0007471534819015,6.7670814086061,6.638895379016378,6.6470886677756935,7.007037722751942,6.816034026435126,6.727526072930713,6.673416637644875,7.0024231134935535,6.813674911333213,6.770119170050105,6.813638164302745,6.836844092445012,7.021745508595944,6.761833123855058,6.868169022385233,6.720506033129055,6.823732966796329,6.717496001308865,6.727479108993732,6.843342675609868,7.014033644165122,6.7320979583214955,6.870072921907109,6.823876647711077,6.93647393611679
1,4,8,imagined_unilateral_fists,imagined,left_fist,436,7.0169795558748875,7.134297236348336,10.02440653840644,9.950923076273675,6.901378842324762,6.655375063283148,6.940896936273884,6.772949182884717,6.825640075892063,6.552871404492308,6.929420413382252,6.817950243059801,6.783749023887274,6.624223700410027,6.956031376907039,6.81354948075868,6.8081164438080375,6.807505500283911,7.033218443090236,6.906304497538677,6.888859644748346,6.809691554967704,6.847379474967257,6.744200349964716,6.698037587739713,6.760707694315257,7.026354554538207,6.9036902710968535,6.870981623654832,6.812447205960871,6.961512311004026,6.849694642657619
1,4,9,imagined_unilateral_fists,imagined,rest,437,7.034164234634503,6.982466482525237,9.864190865352436,9.919556828692048,6.702564001864243,6.682428183361544,6.809291780713351,6.764957535520358,6.6739890153092265,6.559771684754918,6.791813814742865,6.823524007566883,6.623884289494366,6.605320224444584,6.777559474978844,6.819788080174299,6.877626090555052,6.700591416667959,7.011864593827472,6.8416426202546035,6.896542103014277,6.745194365151847,6.812812557545432,6.700433880454914,6.782897496014722,6.611395332458465,7.064121175082919,6.822667475029106,6.8894067760537725,6.73979823680435,7.009134881370591,6.771384585756115
1,4,9,imagined_unilateral_fists,imagined,right_fist,435,7.0355221480992665,7.0595455306560435,10.01614648369252,9.90880421469061,6.823095020726965,6.6367864658266695,6.93936284209741,6.724118751644067,6.736673032964716,6.53743451689683,6.962193816845423,6.755915791131496,6.772250703629296,6.562700430431039,6.952524832605981,6.760708547870539,6.774707178339912,6.77979092400876,6.980359373550921,6.900275395803581,6.820096145692617,6.803729488560097,6.779652468115411,6.736937859277013,6.705296868194229,6.69675499373553,6.965540433401838,6.877176146579846,6.822847037074505,6.793490708836358,6.914715878731557,6.835015424535526
1,4,10,imagined_unilateral_fists,imagined,rest,437,7.0668812123070675,6.9672253390436865,9.904269108092537,9.961950681894885,6.67852972925186,6.693155783684041,6.8191094281579225,6.75200093154708,6.5803660103912245,6.578465973947675,6.8231966759019045,6.801492812218706,6.622704148052681,6.634557957962571,6.796370156565261,6.821475795529232,6.832069030440854,6.691342865583106,6.944794573387308,6.843313421657087,6.828674363811692,6.7393157956352185,6.756815576196817,6.67012643816837,6.761629179456455,6.623768433408214,6.984722299745661,6.79954445035152,6.853913669253241,6.692452205905147,6.907520447609031,6.7472051501330474
1,4,10,imagined_unilateral_fists,imagined,right_fist,437,7.166453688594577,6.975088195947628,10.05113101958814,9.936321143007087,6.819739485075113,6.71499394613156,6.889704740133974,6.847995731879723,6.705177673223486,6.623159663583516,6.893791565728873,6.887636681889206,6.721058555025786,6.680247986596215,6.909934464974296,6.875458420001719,6.730003626314714,6.705002093607747,6.962396132601083,6.802375901606167,6.790469064399677,6.716299355808619,6.8092458856618325,6.614999544409992,6.641307001446634,6.65270428637616,6.9478376450771835,6.806849017539069,6.767232999560702,6.708482746422334,6.855766545593395,6.756017758415603
1,4,11,imagined_unilateral_fists,imagined,rest,434,7.2656296122787305,7.193568784189182,9.985489125544948,10.040357623335273,6.640152539165204,6.717114858917104,6.767529992607616,6.79756371123856,6.550525036487615,6.659288842034086,6.7929851355116595,6.840236569800943,6.559892043259924,6.6754515680164985,6.776635862513838,6.842817796735505,6.72008946420253,6.767267648355781,6.89143036567068,6.892926303272854,6.773706182190211,6.794303706098822,6.717497617827859,6.712505622588192,6.622403411238394,6.6472466429386134,6.875303204649134,6.883342169709036,6.730568761432638,6.761691033134929,6.785868679118135,6.844441656125207
1,4,11,imagined_unilateral_fists,imagined,right_fist,436,7.092142391105317,7.150024736651099,10.04243707171023,10.034813054296922,6.703318518038709,6.6790686275756705,6.8934025764853475,6.724082730315579,6.549880121402975,6.614523561602693,6.8618527560270035,6.778700468966463,6.6150325690775995,6.633124781643411,6.866769065757644,6.776475420087481,6.581356096186145,6.810313632545173,6.6902660042420585,7.004688611911592,6.567622169534385,6.878767327087508,6.493373979488627,6.833519123320865,6.541067991335484,6.708912087990275,6.739119502849187,6.970246703479248,6.583302666362132,6.851012390367965,6.70819051008187,6.898551326994988
1,4,12,imagined_unilateral_fists,imagined,rest,435,7.127857673612303,7.106140519473841,10.074373445423669,9.996635231352425,6.71871135839561,6.6824764889578825,6.833389621951744,6.763202793493108,6.678169059852091,6.56111613460189,6.822496759786743,6.799097189236493,6.660471426019324,6.602879395451289,6.8173312486588165,6.811374381757617,6.811909707840596,6.697337442019236,6.962593437815752,6.863591434878919,6.865363573257466,6.73333022120832,6.7434850252991065,6.679079760845584,6.684531766773119,6.620264248985299,6.990267891049895,6.861471924553774,6.821738085711526,6.755100674396713,6.889440165962791,6.833225873756989
1,4,12,imagined_unilateral_fists,imagined,right_fist,437,7.17950769085193,7.062995173112307,10.066691004457343,9.957228600135318,6.789615376749008,6.57425230383144,6.8826644203791645,6.689335772839795,6.596519163443548,6.5673717644201055,6.919832190071002,6.697151655046685,6.716314304807961,6.515522896316396,6.947881130093879,6.686801974200094,6.753888170656492,6.719006040892616,6.8935082135149734,6.8631903463059265,6.766951403498247,6.778628138219183,6.751452110422373,6.6865104684631005,6.752377252815659,6.613906763619827,6.900657556987772,6.85500745809288,6.755117352518293,6.761638864004156,6.844675327975166,6.81948838312529
1,4,13,imagined_unilateral_fists,imagined,rest,437,7.178069980451651,7.157539221025411,10.042795041124412,10.075147238587862,6.669202308760526,6.753077559678021,6.709324239572653,6.877608029279766,6.600144569084577,6.629118775164702,6.787784466030124,6.885662611548768,6.652694592962691,6.676410643789229,6.800347850673995,6.897208724779439,6.765285755068018,6.707659363368462,6.965226311198292,6.783416135845221,6.798159986905557,6.720630198071747,6.764843328465334,6.626110129887696,6.688893982878538,6.633624355279899,6.970070613046459,6.791082813160528,6.819480176686946,6.697751835505456,6.904569666881409,6.7505072363831085
1,4,13,imagined_unilateral_fists,imagined,right_fist,436,7.203188639893982,7.027780587381051,10.148439545336911,9.951770835045103,6.798346253880961,6.560054590155832,6.930845146010892,6.640180544023084,6.574553367456085,6.560545771980751,6.964357544293822,6.657092971115469,6.689953384832825,6.523363807146769,6.952831585642428,6.6729460604417214,6.613004973180786,6.72332267809748,6.765916297798173,6.895617025294386,6.614975419453481,6.765373585525701,6.592761242055675,6.7102283464928325,6.622802009644603,6.614064739399128,6.781103586670018,6.876630161117979,6.613684345177698,6.764217711621523,6.7028809824176285,6.824696011920202
1,4,14,imagined_unilateral_fists,imagined,rest,436,7.08522470745502,7.079193750777775,10.068757269825598,9.979752417915345,6.70230852795359,6.586465232070153,6.812805768608964,6.694724711741357,6.511651002771278,6.613177922196353,6.830415760576078,6.72641827298331,6.602250518869345,6.562768567811716,6.827272493526874,6.7174876042222795,6.590572505633617,6.784891419808686,6.72851959381212,6.9870683450313305,6.614491808095103,6.846951922986622,6.545069342726025,6.803694782793239,6.581542078736014,6.690593524774131,6.721977155640259,6.968185764973433,6.682792404783431,6.837846440061072,6.685985977163543,6.920098286853885
1,4,14,imagined_unilateral_fists,imagined,left_fist,436,7.092326648843277,7.0342689436082395,10.037559197748726,10.007021723941254,6.710857697335858,6.621195505483211,6.800659888634874,6.725458776253032,6.623610676401366,6.5411385048720305,6.818815090605082,6.747299064116341,6.640379642710643,6.5556702477111815,6.817130736721536,6.744988998186653,6.712698189790061,6.720340783406105,6.84971490954326,6.835800256726887,6.740479731749581,6.739008884272449,6.627488285670871,6.657214775247851,6.621767918932125,6.630918716151744,6.884219334790666,6.850774383187687,6.7211359218727535,6.755858762205408,6.835532802849421,6.799718418291791
1,4,15,imagined_unilateral_fists,imagined,rest,437,7.070462332884681,7.194029097548591,10.105144767023237,10.06803970328001,6.72877629880332,6.716347461705767,6.841821971764992,6.807547319227117,6.655645068631431,6.607053032355815,6.811246057848933,6.8672444772845855,6.632516715874142,6.671793835012572,6.817072505267177,6.873005408480598,6.709686023090929,6.748067381579729,6.817016041473727,6.917619151354609,6.729614105504412,6.775086429898762,6.624070270093956,6.745295866142075,6.628362131842805,6.687174688944722,6.835607767464842,6.917199584486715,6.756178491912145,6.7653066785758975,6.799231463131448,6.856111073046838
1,4,15,imagined_unilateral_fists,imagined,left_fist,430,7.041211815204411,6.951576049008346,9.9638020290028,9.996213906638204,6.61521637333764,6.624123979168096,6.776772321879755,6.683352972726185,6.529618153721356,6.53911125020962,6.813929360240963,6.674567755847272,6.5111534924468675,6.572932184486669,6.783879639693959,6.711765679274228,6.739131651222145,6.579936198266257,6.879281834191223,6.772291565032933,6.77168719215161,6.632204135979809,6.699540735481202,6.539640492525378,6.6522955202634675,6.487808571930301,6.866842544251705,6.804460632351938,6.792227378421453,6.6348232403772895,6.863720163761745,6.712437868312547
1,5,1,real_bilateral_fists_feet,real,rest,437,7.132172485081792,6.988795915041069,10.019737989549409,10.059393440357521,6.632052802281751,6.615831960086477,6.824248438750471,6.664132205679028,6.480683234721305,6.593608745849887,6.829937787364402,6.689296787954964,6.5368089025555145,6.578654918723267,6.8205151283353835,6.710883939845893,6.653905192928967,6.6938988747549795,6.771029160197513,6.858947598891711,6.6519936982733805,6.741321155911897,6.625212983004144,6.6434062424322,6.641832492116842,6.575125116307423,6.791696903861497,6.881555679293211,6.661733612743431,6.7445087628958165,6.731895586542098,6.819834740994095
1,5,1,real_bilateral_fists_feet,real,both_feet,435,6.9445443320536855,7.002639505998852,9.961336039560901,10.089349085494122,6.7248425730126,6.6542839498998285,6.842108689774403,6.728626722130092,6.629541346241288,6.574799148970281,6.856158817445417,6.780112032393109,6.652538670532818,6.612305458207683,6.857914753377752,6.7772044494666215,6.706933456420514,6.629621426104019,6.882095729832799,6.81862227790684,6.744339784063236,6.681678074407778,6.693236830270529,6.62375554993689,6.579900812121004,6.583212163900707,6.816240190201905,6.8429191378924275,6.694476670985281,6.70761303129002,6.749621223358995,6.786715769263683
1,5,2,real_bilateral_fists_feet,real,rest,437,6.8996731719579065,7.085911109769311,10.160507737186734,9.995791584822912,6.771487472402205,6.610636146171794,6.8717755525133395,6.71260927416493,6.691764318147687,6.513095493128397,6.889048394466915,6.7507454654663865,6.693843023293887,6.553503256227944,6.879827238799971,6.7524981976613,6.5910545177912105,6.662332547320047,6.83729319761662,6.798379419321516,6.659711620755461,6.671481476719352,6.604666033812349,6.61718825920111,6.522136642412021,6.616944956822476,6.793437524064168,6.82965945907182,6.688493748556309,6.6992270008488815,6.743834439665606,6.781447491120291
1,5,2,real_bilateral_fists_feet,real,both_fists,437,7.442791233066102,7.367928726688419,10.572971102471119,10.753486933617904,6.993731260769999,7.00701248963952,6.9559343084804555,7.12238696011631,6.87615746350192,6.913106506009519,7.057639218715343,7.089275354390386,6.920425183272725,6.99037876255417,7.0719480691026355,7.142315331914941,7.281979430547429,7.304568137580173,7.242259649957307,7.148674221454737,7.0837842402524505,7.084513419125339,6.989808458509125,7.048954610645172,7.0135202124162275,7.037983959866344,7.215222092087351,7.139444319557276,7.054797298875868,7.093656830398209,7.136397593131882,7.120037120592408
1,5,3,real_bilateral_fists_feet,real,rest,437,7.4111486011981995,7.233339204719036,10.941250227362,11.097685364629928,6.756219042843816,6.829749932876816,7.571975787170049,7.331288075151526,6.634636735318262,6.753829888143932,6.83137929594346,6.894065668012441,6.623810973906494,6.773400854783322,6.829031093661947,6.909188219461356,6.91290721022545,6.863792072336606,7.051724704549235,7.002396967248317,7.0535402192311105,6.826827906114245,7.127033822372833,6.998397642368769,6.8157704104965475,6.8004087108036115,7.054058901244951,6.998968150050258,6.859482163535099,6.9012126739051,6.953040072308409,6.9277744913974155
1,5,3,real_bilateral_fists_feet,real,both_feet,435,6.894156557757618,6.982012665596945,9.779335432128772,10.369387878963478,6.743599663429106,6.520428586147569,6.797698183574572,6.662618164276012,6.648528765122375,6.482207111138889,6.808467347234998,6.676142394296398,6.6684408467539305,6.464244626919031,6.816994239450685,6.670678401613593,6.614052313984027,6.6668381871719795,6.776420260136048,6.854730857482039,6.632224897841582,6.702989163506408,6.579653455497064,6.730874136449902,6.559163985021474,6.626204798132486,6.801012215319515,6.857192963032119,6.665662992929662,6.734728818648604,6.678735185679768,6.821544441541684
1,5,4,real_bilateral_fists_feet,real,rest,436,6.9853997354882855,6.838432271122135,9.824488247931706,9.794500247632978,6.5809785538958385,6.551516731713285,6.662536489869767,6.675563544621291,6.477023280655753,6.521698562376173,6.723717361525158,6.679088911730183,6.48142007970188,6.498727561970757,6.738218718886143,6.662037617094973,6.619670262887854,6.603001450101378,6.740932999565691,6.753923361414363,6.6467038613489935,6.6480190469392175,6.60247387709573,6.563096004256161,6.541284014762293,6.497606525859386,6.741464690340473,6.760724588817709,6.641658921561439,6.569106520835476,6.7275267569842745,6.67820964003212
1,5,4,real_bilateral_fists_feet,real,both_fists,437,7.637709325208894,7.465291263376128,10.854435426703597,10.868258255724905,7.033836591341253,7.0615184400785544,7.15574252781261,7.266221279122136,6.939919441365627,6.931163343611556,7.094847775137784,7.0862677246388674,6.948085147977651,6.972289790471193,7.120468399774974,7.12925075717486,7.695935277245599,7.9391480640954075,7.28961624469537,7.552094313179186,7.1323520380567516,6.906664068888859,7.10457410455453,6.842826318196228,6.949355071218489,7.279368931005926,7.424333897245009,7.142379420220886,7.080616603794899,6.987189046574718,7.148495157563244,7.07157713541548
1,5,5,real_bilateral_fists_feet,real,rest,436,7.064849654277364,7.168291557934973,10.28495959811901,10.162065060610026,6.948373339904023,6.771822871096698,7.051726287642673,6.864912185733582,6.844914227831994,6.738206006732224,7.052983409919868,6.87499551335237,6.855981786724077,6.723593553032572,7.086023004735781,6.877345775381621,6.830610080844883,6.82853765945966,6.943919312151121,7.026836995467696,6.873122195481603,6.87872555488891,6.7661663674099195,6.82829929655483,6.720330473373828,6.707474212625155,6.903959956550965,7.019665878448352,6.826403654660266,6.855382783685412,6.867569000904186,6.965704149954827
1,5,5,real_bilateral_fists_feet,real,both_feet,434,6.6198245051531055,6.471687557478965,9.425619465675702,9.734093832394453,6.471391579465584,6.584988179783941,6.54738699147721,6.732069225898375,6.346076801558092,6.4606577849794045,6.575377991106037,6.738096786318161,6.383051756999097,6.51033735179575,6.61330033087874,6.727942842771664,6.491170237099836,6.42099586797354,6.655182635692915,6.536688453852449,6.527038739308598,6.435021246536701,6.54457193939518,6.372946709491575,6.4577481222440225,6.324950247722286,6.673987155306588,6.555958839028487,6.550501328793481,6.416007850325329,6.649441556930544,6.487151903490831
1,5,6,real_bilateral_fists_feet,real,rest,437,6.747531341462114,6.843484728033546,9.816839234624837,9.83070591773726,6.695998392607841,6.547229840050231,6.817167425560832,6.6565513605949755,6.68191514106525,6.479755879661789,6.791857432567464,6.6989396592400166,6.624516492975435,6.4968648967835385,6.803120704784487,6.689370868455445,6.616725575358331,6.687404265872749,6.8657563680654485,6.767243636558821,6.7025873301437295,6.695077986590085,6.7012903917176105,6.606328920570651,6.544826128344694,6.587400924961217,6.87686714879526,6.7647279297999106,6.717303458081359,6.6444660227414145,6.83309209616092,6.70008023453886
1,5,6,real_bilateral_fists_feet,real,both_fists,434,7.5928582604564765,7.396470093579075,10.550276399472128,10.67881291532651,6.839105760108938,7.062103297111727,6.811295979262012,7.070471831528667,6.829086350448602,6.778601716299204,6.904464697621519,7.001757839977614,6.797171083508357,6.793766917957698,6.933915533365533,7.011360420164806,7.110665845104139,7.0910640344114615,7.178619828641784,7.1788566864731695,7.262024332016613,6.911132632492098,7.053187241616522,6.835951734498701,7.028769521631102,6.84061424995111,7.080111804080036,7.300988274944227,7.093675803579037,6.949817491166296,7.100075628855179,6.939354344778191
1,5,7,real_bilateral_fists_feet,real,rest,437,6.678196671744578,6.861037408044065,9.767489630095362,9.714288021158325,6.596227354478026,6.5547476792324435,6.708272130761367,6.700372918194999,6.569616224440623,6.4790107470741685,6.748304320618747,6.709910221603697,6.56025756853327,6.489758708676603,6.758865593848653,6.6929771389780015,6.622447727060129,6.692588018978356,6.76338477900361,6.747704885004927,6.616118188765657,6.645418843208929,6.584633987807222,6.618499260077759,6.433509386962396,6.6044418929318605,6.763152058226187,6.756143800856961,6.599153685730467,6.665529508615704,6.6978777913653715,6.728263630513068
1,5,7,real_bilateral_fists_feet,real,both_feet,437,6.796428367153838,6.6092453053344205,9.524271966308818,9.77172622486457,6.462450186026172,6.481762333280742,6.510456157333951,6.631481746020256,6.382218543840577,6.426986414141134,6.548105625803536,6.643245308960148,6.386397841387934,6.408454744377691,6.57065883338915,6.6146963468375,6.619413759505961,6.520851789766447,6.711587004731581,6.6749326501702155,6.619317196961606,6.542586980263575,6.591900490472096,6.506694570698498,6.499645631084357,6.440683384592415,6.722376862281528,6.682668565154645,6.615372817938798,6.542020633024425,6.740703653774564,6.59378493786637
1,5,8,real_bilateral_fists_feet,real,rest,437,6.679471845115337,6.652531161664317,9.6768299795152,9.760558371334682,6.529168352658282,6.571029579766805,6.624927319253652,6.71433479553935,6.560478279678482,6.439257132460848,6.635102886505179,6.734098440342032,6.479948503227978,6.477697673578421,6.648915029542641,6.713676041759367,6.607980591023879,6.567590204261602,6.741157537816451,6.767468899409549,6.6454236418626484,6.602006680325531,6.58805296194386,6.60268004967425,6.467760587538825,6.567879677713862,6.737347499362783,6.776182766558492,6.664440520306731,6.561725019469771,6.743595155522494,6.645400691947434
1,5,8,real_bilateral_fists_feet,real,both_feet,435,6.5112803622201145,6.42766297352699,9.474750196841095,9.452684233418566,6.498236211557023,6.452457866767565,6.588800962487792,6.569473457643055,6.508844632905516,6.313959597609486,6.651039987360092,6.566176322566014,6.501008213203555,6.296463936899288,6.66238267589225,6.558979318435241,6.625126774397026,6.474993532721925,6.821208645916686,6.564297624233866,6.66672109927173,6.475704712160982,6.657666342718165,6.439809843916252,6.479410037826336,6.4280732338288225,6.816170832530941,6.548802616118234,6.694142473162071,6.419290648328816,6.768504858019406,6.50094505645796
1,5,9,real_bilateral_fists_feet,real,rest,437,6.463008889049887,6.681018447797934,9.736670120050595,9.731084357951271,6.658317736461885,6.480992169346752,6.779008298710908,6.6037818818208835,6.586538337468603,6.425387676574168,6.797925239817835,6.6351011525797405,6.546702086808967,6.43387551388867,6.76931520601425,6.649059532489832,6.449144667545026,6.7143429151896825,6.694593122514861,6.803535336908235,6.540843187032759,6.713832017017406,6.517098809826627,6.698187433799615,6.334267442656975,6.667039014141786,6.69377214711567,6.785292274419253,6.503207996444343,6.716485512204567,6.616286408042913,6.742544609767428
1,5,9,real_bilateral_fists_feet,real,both_feet,436,6.524661646193586,6.382676138649224,9.554877826446631,9.736454412790982,6.584587409295821,6.428047913348643,6.732455609474639,6.527932212930927,6.508678996189593,6.4045293892351385,6.756919488893603,6.548018071861026,6.447951973183587,6.380680640318002,6.689071008982127,6.538496927596764,6.554795032611482,6.502528626243257,6.697386742645187,6.674822718753682,6.583842243443885,6.5242785975477995,6.56561821742184,6.482426684531472,6.516986804277057,6.373380618889071,6.698509042991804,6.696321255024245,6.573110855142841,6.5497420873748,6.639912061183427,6.630206453374406
1,5,10,real_bilateral_fists_feet,real,rest,437,6.7304546389356705,6.642854012166607,9.65306196985626,9.899129859955098,6.529230911648873,6.473848846731427,6.620022355379826,6.586918131204631,6.509973298563427,6.4330857333576095,6.644257440078586,6.61762393378185,6.454319749649505,6.410114320960042,6.6462334464932535,6.610639229433903,6.691879093571343,6.580860327570358,6.82839693447455,6.733351734827488,6.7064712077579625,6.6166146139281174,6.681561822577148,6.587495887999177,6.625107681473746,6.486296902420726,6.832412016330031,6.719817530603815,6.668701375506196,6.585809425307461,6.765422008112719,6.644233025994677
1,5,10,real_bilateral_fists_feet,real,both_fists,435,7.468168916799286,7.346812470117876,10.81272782411468,10.705461099612142,7.06005279012948,7.001538180527283,7.1214117373695975,7.063617098250545,6.921547569698443,6.890886651817188,7.127622811522971,7.080765449061002,7.029294770438705,6.9017268803361,7.190526221400221,7.0986621321536,6.998468079284894,6.990610643245785,7.09231836115294,7.098549644365526,7.038957532101391,6.970605496122326,6.976129617399842,6.883900954967747,6.939124413616106,6.941520037663496,7.11593851508927,7.073524201334884,7.030905759332683,6.981651862758224,7.058644061005011,7.035557425409458
1,5,11,real_bilateral_fists_feet,real,rest,437,7.013185539253781,6.985538521546646,9.99893021103844,10.0779220353053,6.505921269396564,6.737876638754008,6.643555553562184,6.794806729420876,6.543587007001211,6.647643920484543,6.658756455644186,6.805755127204853,6.495028282382772,6.656333256251232,6.6923498504194265,6.828136712081517,6.759169441321478,6.69384716822128,6.91196313460086,6.8441419624283855,6.813297124838025,6.703213558656879,6.8010825351095745,6.66015025102744,6.657695203797073,6.633536802647135,6.914701772083598,6.841079554026832,6.776205584599809,6.715615388632244,6.8561091032951165,6.794769045501141
1,5,11,real_bilateral_fists_feet,real,both_feet,435,6.5667052724067885,6.495869236315237,9.458419717222245,9.689410941414462,6.5808255637478865,6.393392183188712,6.689346512962907,6.522842193808419,6.496066355315977,6.389342120408104,6.6441227054306555,6.5919209050876075,6.472470683650685,6.379217271266919,6.648465056349623,6.586178907226291,6.525624716168692,6.49335657366345,6.670317206955852,6.673146058142844,6.539644684029023,6.55132644061917,6.501679651353721,6.532181406833016,6.462301749909209,6.409163348867712,6.677813795162221,6.643151438804938,6.613277694500527,6.5173357657483715,6.637898699307867,6.599739556753283
1,5,12,real_bilateral_fists_feet,real,rest,437,6.553263164880823,6.769328895387949,9.67957354531258,9.799662927579707,6.559756186371582,6.483892580757193,6.741770856947493,6.557330145697522,6.445025088378507,6.4783772818534455,6.687065350036997,6.614604354942128,6.401370777202197,6.460463088809086,6.6717486068933445,6.639225629040153,6.436397235848574,6.67443110288999,6.631298243437585,6.8266039736944855,6.47120059114656,6.6968041212074745,6.465513456567395,6.647505164352199,6.391329408842472,6.570063275692795,6.638284076893321,6.813616603464202,6.489715022072519,6.673391953721097,6.5596698265636135,6.767392325882874
1,5,12,real_bilateral_fists_feet,real,both_fists,437,7.310406854938373,7.4730569745335345,10.870341547060436,10.925379029285912,7.209775881241246,7.1594971402104495,7.172020098588549,7.438719839920705,7.051100567529405,7.035941744226747,7.127429400481906,7.152360344473092,6.9974011486310514,6.97964363846914,7.156467695105693,7.166511461417031,7.141481431360183,7.969222841055701,7.156868184572975,7.8391597030891065,7.32305798106155,7.306474341202173,7.105054947129159,7.172515651832184,6.906439970761442,7.002841119186815,7.157897883898675,7.315290582940376,7.240723142671134,7.122459786435849,7.240455099787801,7.156949328271544
1,5,13,real_bilateral_fists_feet,real,rest,435,7.57828835323696,7.3995856086206375,10.572565657620334,10.635349856327027,6.746587481949288,6.860291373232279,6.899958163384485,6.924249664448779,6.761114139385493,6.863802146904634,6.891752388425914,6.944027557122038,6.66982079861553,6.819613410584485,6.882314777386037,6.975124276153199,6.960076942008157,6.839639722391889,7.1114620614579005,7.010925647863958,6.982780755987781,6.859115896780944,6.938240628878116,6.760657235749478,6.882628859912039,6.759247694082649,7.1370947100298014,6.988183942215282,6.992503232586085,6.8958242752742525,7.057459641429369,6.952431262631834
1,5,13,real_bilateral_fists_feet,real,both_fists,435,7.348539547847575,7.624487536436,10.776167310337453,10.763026504153766,7.044263721114185,6.951024456875845,7.169487509886163,7.019914765682622,6.9458198508632085,6.876569610870986,7.149276561531536,7.016714296999672,6.999557924272967,6.835722008496188,7.203153065240558,7.040464878160713,6.873736158521453,7.113449755409311,7.068127564933956,7.209400342645609,6.913873927060206,7.1065603040933025,6.841500348309833,7.044840742960251,6.8555469632616575,7.028315855206531,7.081652557752582,7.166127331333017,6.999816694853608,7.062567584456388,7.071098593546706,7.107061601124292
1,5,14,real_bilateral_fists_feet,real,rest,437,7.208390752798762,6.791455836729725,9.687969192838311,9.829659526655199,6.475299480136261,6.483937349443467,6.57782736880927,6.557087780206849,6.4223010273522245,6.4827723853213595,6.582145450672935,6.586813889302831,6.338953134464039,6.433977987958445,6.568691978795745,6.601156244233175,6.7209371447149175,6.529672809153345,6.804978822177477,6.736783173758972,6.706744940976591,6.579074089173402,6.703964561300371,6.548934106450572,6.590145832662718,6.427841952006712,6.746487241961419,6.710978972270366,6.624345819794278,6.558023592548694,6.665683431998924,6.664114272596523
1,5,14,real_bilateral_fists_feet,real,both_fists,437,7.643595344389816,7.446996030870394,10.810274195460654,11.051657045268582,7.059927885392548,6.887619606154023,7.149318656947542,7.527843264286069,6.985314907232387,6.834066564902046,7.004381304353484,7.033864990940214,6.919968025054717,6.839866406506965,7.054025371986322,7.047520774229459,7.095167248529891,6.997240873393438,7.187903084463963,7.169465761910667,7.0642752192159755,7.045060801078831,7.145424376259658,7.031068402584455,7.015090754070572,6.954242880949677,7.196360173097115,7.154839851663926,7.124470008874059,7.02842133841719,7.164287911779975,7.101724325323421
1,5,15,real_bilateral_fists_feet,real,rest,435,7.366585461151676,7.394401129594929,10.470872944480499,10.514729597326474,6.612091009608676,6.965336292731838,6.678386514185618,7.046575555712068,6.704567452639415,6.942138900737755,6.6468917215107535,7.065554191149179,6.50421766820611,6.920696415201776,6.6357235706119555,7.095534766057398,6.609085772633117,6.988856409233295,6.783351467724808,7.1184418788614146,6.652360408923001,6.998712088182014,6.569152776512254,6.921841809777323,6.541664414525761,6.9066513371028035,6.770641865623528,7.120178986097868,6.626776659210742,7.028155600796569,6.711388564943766,7.055464783319212
1,5,15,real_bilateral_fists_feet,real,both_fists,432,7.341725767722116,7.540311375478021,10.662942182375813,10.87473191093424,7.332982155244012,7.616553535901521,7.556672817710787,7.744543540432557,7.276423482604759,7.61127110875613,7.371489898793031,7.647516034883266,7.269206447192826,7.596241052332886,7.384258769334894,7.656277156654707,7.138769059743122,7.366476405490302,7.23472691287666,7.504113864892944,7.149906710726545,7.4152727975202435,7.046172002080878,7.3915673170102565,7.0697047140738905,7.296620801188485,7.234870777852066,7.4897126440365245,7.141075967747966,7.398020168256689,7.165836114868909,7.444905074557738
1,6,1,imagined_bilateral_fists_feet,imagined,rest,437,7.262530431271254,8.045883592805902,10.526424591163597,10.091534998939732,7.655748148874232,8.494493591223637,7.705665084383879,8.529990062866569,7.652323654004398,8.462748372537407,7.711369722629276,8.53272953127214,7.648172676250162,8.471333884571967,7.709992867988517,8.523446140274656,7.956226155888679,8.51267361228788,8.092959699376843,8.571732959947221,8.00784794463681,8.539497194769469,7.987292204027978,8.474977622546193,7.869486759012424,8.48476533343203,8.08360419526972,8.576727028450122,8.019178422938229,8.534563354867743,8.053643017334275,8.551159718248714
1,6,1,imagined_bilateral_fists_feet,imagined,both_fists,437,7.3814035552804285,7.4729797337881365,9.84687385239074,9.682593033525551,7.341269075677524,7.53596918789379,7.385408021486093,7.593295331002241,7.331009088757607,7.399224833130286,7.386163748582923,7.612997377865329,7.30625703090096,7.468239411119986,7.388832802636427,7.611011707542317,7.84803445579899,8.033527264528335,7.963513448115207,8.032071397805788,7.902035139713766,8.001015553288553,7.865316142527856,8.024580584808954,7.765333826141398,8.04319163412553,7.9430216889240715,8.023428858319363,7.892578391146233,8.01365687571399,7.921539504114949,8.006824247246248
1,6,2,imagined_bilateral_fists_feet,imagined,rest,437,7.716106677235421,8.186474432432922,10.080374763384683,9.866502690897407,8.150508476774217,8.091711504450718,8.18297309451191,8.090701380635727,8.045890730015621,8.174425195049556,8.19754890412954,8.090335741087362,8.085011683257479,8.10527013316602,8.190728128284539,8.087520540230537,7.904143413610213,8.211785809165152,8.004176625280472,8.27486682546443,7.953387783069519,8.244751948691997,7.946075117709921,8.205619061752815,7.8668398149960375,8.166417382569591,8.006658136653865,8.271129549002447,7.925538548992656,8.237951565929995,7.956403848058335,8.254032945113035
1,6,2,imagined_bilateral_fists_feet,imagined,both_feet,436,7.185043004113222,7.667329034603858,10.070313885163667,9.982247140054016,8.196209291815988,7.7728150174799575,8.289789313421021,7.816796548567334,7.944710237969426,7.815373928546364,8.294160396969422,7.808649799435494,8.124840528648555,7.7557198389567334,8.299967296221144,7.8040234273039575,7.477604764928546,8.078377191994285,7.629340226930302,8.163266873273866,7.537635307052281,8.103599203721044,7.502961737464746,8.109648630428559,7.354017371238687,8.056769450639642,7.62224706988346,8.1760399913528,7.540218293375282,8.102694290998855,7.585952802792567,8.139137422248439
1,6,3,imagined_bilateral_fists_feet,imagined,rest,437,8.068781826578244,8.300369865740452,9.940163514978448,10.005544140471338,8.210169252650473,8.509315319371021,8.242288283369277,8.515538293723884,8.164310448703192,8.482854360150045,8.246850292733892,8.521195570492365,8.17848633961461,8.497709697231935,8.240469754102184,8.534597893522108,8.306600694277238,8.188188333168105,8.337672840991493,8.249569450517301,8.311267079715178,8.216258933487325,8.286297823146276,8.19450401110058,8.2828788690671,8.169641841585275,8.33013997542161,8.245411807741458,8.293199410953731,8.20963344897032,8.310977567341368,8.222163171001771
1,6,3,imagined_bilateral_fists_feet,imagined,both_feet,437,7.768078652541815,8.15999678908048,9.933210282839083,9.95656295905338,8.161488283996464,8.46579575145243,8.240088244676425,8.47066890380575,8.072622588965354,8.44005180313058,8.199671725166468,8.482262916343622,8.111236176370367,8.445109211837778,8.212168099756777,8.482417890001981,7.6037415996719,7.887380416124466,7.680693967922936,8.003719531241117,7.616415193592771,7.925903677721667,7.5956690837527905,7.919266315317765,7.5465456207490575,7.8495734005190885,7.664986174673219,8.00355354292544,7.623381889068057,7.931380222322679,7.654834027848104,7.959564369988416
1,6,4,imagined_bilateral_fists_feet,imagined,rest,433,7.3900858673015115,7.4499433255388015,9.907144006811695,9.91735823808098,7.371654953873531,7.662695509960736,7.43132525876498,7.697208978749527,7.4516904479712505,7.656144567088163,7.426203247653559,7.708099525930048,7.380130187368399,7.633480291316216,7.4121248643029505,7.709779675142997,7.693420310116287,7.838728814920712,7.713716505902625,7.873396251911503,7.676022505804349,7.821662512534259,7.66342157599428,7.828941658011897,7.690601397970979,7.8120996868697725,7.721347649145905,7.864075401472919,7.690220414741632,7.825750654742397,7.711474185858888,7.844018007436774
1,6,4,imagined_bilateral_fists_feet,imagined,both_feet,438,7.76355578637744,8.145063094206476,10.366463656328637,9.988106738125508,8.462007263667031,8.737295467762534,8.493677638881682,8.760051240146003,8.419704849858629,8.630678654676277,8.50507185345982,8.765756341797518,8.45616376222941,8.691842115459572,8.50794275733362,8.774276587147323,8.441569981784506,8.497201621759544,8.492691934943402,8.522941269210682,8.46385923383547,8.492593584230836,8.415300018694966,8.473744234575005,8.39535020896979,8.501112310044796,8.487898442084232,8.516577224286184,8.457619274004399,8.49407276094647,8.46075719943916,8.485587884864456
1,6,5,imagined_bilateral_fists_feet,imagined,rest,437,8.311186170996638,8.846581595512223,10.286584514386819,9.990398514759665,8.919604103082355,8.923233602986777,8.957806398172224,8.922495115480993,8.853682452728393,8.966046553304947,8.950127941893935,8.916037329773971,8.894560779683113,8.9343627226085,8.95948699491472,8.917154313726106,8.597291398712738,8.960996966642066,8.650729564634686,8.967946670192884,8.633151031888735,8.953524905757613,8.570960882596541,8.92628140446617,8.576996822029257,8.965302170606828,8.65236594770947,8.965554246519204,8.616930836439414,8.955653338393265,8.634355179605603,8.952101358484493
1,6,5,imagined_bilateral_fists_feet,imagined,both_feet,433,7.720992485621435,8.023964061307172,9.949055289605642,10.06734319048758,8.08432385861101,8.58905767209982,8.114850063318988,8.615066367157395,8.027524864979025,8.507003406369831,8.098095114599987,8.625238473508809,8.045035065667093,8.560533994808868,8.11138888852573,8.628664515887335,8.794709819871251,8.566121489208822,8.749900444065672,8.628019885374385,8.755174981297321,8.59595300179936,8.776923566701386,8.569556184755129,8.782511039264788,8.538080449026742,8.74055165673567,8.639047794618843,8.763827830756298,8.586050299344386,8.767441094594924,8.614829045550604
1,6,6,imagined_bilateral_fists_feet,imagined,rest,437,7.927459560778138,8.503285805199445,10.119491386564993,9.733564922264852,8.553652248121695,8.624577049916454,8.589263913267937,8.639556886140184,8.502465105598583,8.575664685690052,8.583382801227065,8.6428274480162,8.522214815408253,8.607066672320116,8.584165694104376,8.652543256262987,7.961750063418164,8.78032807509643,8.118473892635244,8.777089793399032,8.04283285676545,8.765257859973877,7.980243992013242,8.77856332837783,7.8911975816638416,8.789077491084184,8.11921610131108,8.773798881029036,8.047000589320296,8.756011497243552,8.091652477374142,8.764331537818475
1,6,6,imagined_bilateral_fists_feet,imagined,both_feet,437,7.664640756083671,8.108827701793553,9.752261405501084,10.029074251225094,7.552023949692522,8.25434626465746,7.554409294058095,8.258887632804864,7.557143675799846,8.352469543466581,7.582127428583722,8.255383164445115,7.531673566777672,8.270188238543575,7.592227133124223,8.250852357471977,8.53162785593893,9.009508932022861,8.480527889672105,9.064920537716686,8.501943927814155,9.029867023636728,8.499290219630954,9.010540641524234,8.560104942215432,8.992811472343465,8.46698582371674,9.06074220734442,8.49338095862792,9.032943326570047,8.475507966510873,9.040645221389525
1,6,7,imagined_bilateral_fists_feet,imagined,rest,434,7.504777317724613,7.533456642943226,9.731265138742845,9.92260941297387,7.478568842735929,7.887419883614676,7.556918347148127,7.900710852223935,7.3200331980012585,7.84458062799518,7.583907454335765,7.9215679534061545,7.409483696274589,7.872894203524109,7.595630726488044,7.937101971079462,7.687987608821021,8.123141033474807,7.7615979269191016,8.194173290139526,7.677420592769242,8.136375514495143,7.705716739300921,8.127087043071715,7.670425775924816,8.064468340216928,7.747814970338885,8.209212428000408,7.7208538669179045,8.140335063452268,7.746184337342096,8.178542944458547
1,6,7,imagined_bilateral_fists_feet,imagined,both_fists,437,7.836245421550612,8.147429811127692,10.02333689768387,9.906115859006503,8.15494632489811,8.343998842307485,8.200962320211222,8.352079759759112,8.133210491004467,8.348297347072808,8.208402149182627,8.345211997411838,8.137698665773632,8.315488894930274,8.207720525477214,8.339523458293302,8.778984589136186,8.670703218399924,8.811399010560455,8.72893065509826,8.78775687952352,8.704292559536645,8.776041497406702,8.683488516694974,8.762239039709774,8.681162711659672,8.803439603773189,8.728814223716633,8.773937357161065,8.698193655082004,8.788166338594726,8.701370635804915
1,6,8,imagined_bilateral_fists_feet,imagined,rest,437,7.702815581115258,8.25447143253683,10.062506245040574,10.140263402787363,8.290759218077712,8.715897239957817,8.351194976342512,8.729438690271403,8.189615598948285,8.6569234103478,8.34496945016018,8.736995508992921,8.226886006474231,8.683751235172354,8.325261440372577,8.735550084946027,8.263464714247242,8.456672022691484,8.344121748462396,8.465881047781378,8.294240309642975,8.454023431104103,8.26361336113807,8.422176895925405,8.229790006870623,8.451119997404373,8.34463183514085,8.483314315082799,8.281831379800469,8.446519029399003,8.321632498938566,8.461757158584765
1,6,8,imagined_bilateral_fists_feet,imagined,both_fists,437,7.828377195836215,7.991346070124857,9.995418975392377,9.855931159884054,8.0946278600629,8.443633643150081,8.131600021192893,8.48918540029521,8.065927774241372,8.351221812835352,8.129211558585274,8.487941764277624,8.08646925066535,8.418118562119362,8.139204440228744,8.492218067324801,8.423456536907894,8.322845259866238,8.498031043743278,8.275888137445284,8.460251945375246,8.282637170824056,8.395750126414079,8.260860241319001,8.385514248449526,8.349865446375546,8.502967837204874,8.284925721592032,8.455813367428819,8.287062650703561,8.477586500244266,8.275818872984017
1,6,9,imagined_bilateral_fists_feet,imagined,rest,435,8.162702040593484,7.889647180033117,9.84602341568334,10.065408403196901,8.263523706286454,8.386272355743829,8.300050931199745,8.406520548315017,8.267014316700664,8.296538607640587,8.280170404412948,8.419644006961784,8.236204389899004,8.3357394678257,8.288978885640265,8.42507047655944,8.649151551684502,8.5523442661522,8.667655070921326,8.608677761199923,8.647518785272347,8.572173501402203,8.628296748861706,8.551768360364285,8.65713975112204,8.532333222612852,8.66309435049867,8.610580819393798,8.644206319715865,8.564937885251421,8.650771595080057,8.587893691131008
1,6,9,imagined_bilateral_fists_feet,imagined,both_fists,437,8.099651432876597,8.621400613595407,9.915738566233808,10.231265189433014,8.328073257758085,9.064243891763992,8.328981455956583,9.066462493520465,8.281180342632442,9.035578447566035,8.352752589405291,9.065435436043746,8.333987972652798,9.036419627480013,8.369361206546094,9.070612655379273,8.743771952413967,8.90869717756465,8.69812266153794,8.941561879972799,8.69788781274533,8.921616620907404,8.720504764194525,8.915888809332086,8.75111145848083,8.883320836065602,8.679488914748813,8.93135206183137,8.709454523023016,8.922993153219512,8.685734474051745,8.927671691573542
1,6,10,imagined_bilateral_fists_feet,imagined,rest,434,7.981564769038225,8.512044801670484,10.181343739925532,9.85314664921136,8.707348493573832,8.671072523215514,8.754224978314967,8.661351732450951,8.55857543260137,8.683276941476734,8.756093016977019,8.657678847199222,8.650381872163285,8.668762995194998,8.773826584807669,8.669185421300176,8.222029857712013,8.652627961142983,8.3169438236712,8.686603335593011,8.259414509065325,8.660314673986575,8.24814206898154,8.644313307634027,8.198461332993427,8.637787515865426,8.317741826296118,8.687378434727744,8.27083870533079,8.662994096845619,8.294273807595685,8.679325768418805
1,6,10,imagined_bilateral_fists_feet,imagined,both_fists,437,8.43796032631179,8.483051300541621,10.179737120918945,10.242626120472192,8.979831221066185,9.114849353732177,9.02147114609986,9.152730226479598,8.857941273654232,8.99455922589889,9.034315826513314,9.147844725953489,8.947210412916563,9.07214288010197,9.041098963657083,9.149339857175402,8.67953969283175,9.025823932348278,8.742142629533296,9.05708364310119,8.709081181251632,9.04017287514929,8.652935538129327,9.013698832837376,8.676078285671972,9.027390318385743,8.73653961816536,9.058465572846544,8.691424703028083,9.040071056307069,8.689315374350013,9.043880046705505
1,6,11,imagined_bilateral_fists_feet,imagined,rest,436,8.141634558412203,8.143021939737407,9.32414536123,10.129734253338121,7.812394170959836,8.553818080608702,7.787741199848164,8.557048674522962,7.861663806180857,8.54879362963875,7.773446489699779,8.544597654027061,7.767779198521841,8.517570772793833,7.778163052766697,8.55105388938288,8.602013765995263,8.706954355862845,8.57735109237982,8.74483257576311,8.568325823511774,8.731937769585736,8.570050177005456,8.704014250763203,8.616016817375131,8.69255349827655,8.562007740619016,8.740899634512303,8.551699857220324,8.722084601411874,8.53358922014139,8.7239179029424
1,6,11,imagined_bilateral_fists_feet,imagined,both_feet,437,7.616801378066699,8.157709402432618,9.946679439625894,9.770711684118146,8.052130753202372,8.186873031565346,8.105569051118072,8.194637771773767,7.992556685691323,8.254956788519713,8.124771826431516,8.19348268933411,8.048194100320535,8.177345451000056,8.126098961484951,8.182786645580684,7.881335137713235,8.56013214311834,7.9739460131960715,8.582076800559978,7.922549255161763,8.554949556999256,7.856903466791868,8.533653359376167,7.825472441703357,8.578788574606529,7.990037280356894,8.59171649013905,7.91736799535859,8.555845016878571,7.943293250712911,8.568998805793406
1,6,12,imagined_bilateral_fists_feet,imagined,rest,436,7.435968586129621,7.630036400774052,9.919158647903508,9.749243744605781,7.742352445004898,7.887200072118054,7.8122379696733555,7.891993528871434,7.689710451900117,7.870008634432058,7.807982319595752,7.91095819115164,7.7085059022853715,7.873357966104596,7.806449616983019,7.923878717926028,8.42143593835343,8.070719535184569,8.561252473277756,8.125119767263872,8.476989446826222,8.080597292087338,8.447866229351709,8.067800616090588,8.369130851235658,8.065380709503547,8.573312407195932,8.125100380147854,8.478831185646888,8.09941481680112,8.524976052593574,8.108235196997239
1,6,12,imagined_bilateral_fists_feet,imagined,both_feet,435,7.411058202254272,7.640999142516958,10.02215666967585,9.730257642631868,7.754302900212244,7.8699118863278805,7.821528282934955,7.899425927378361,7.637529329760076,7.815232387967561,7.820112702568546,7.889413409963221,7.6941183151290025,7.812381593318374,7.826218171925862,7.888479170723667,7.515656772279385,8.084229963765207,7.64515699074444,8.145249220701555,7.603847121375147,8.117861876709448,7.50497468833222,8.079131793119501,7.429010128775045,8.087874999605916,7.650088702000964,8.14854129298602,7.584705572067915,8.115460293394337,7.6237265378726145,8.126390243286338
1,6,13,imagined_bilateral_fists_feet,imagined,rest,437,8.995833873581352,8.713886710357025,9.52418365779356,10.237256222042351,8.712885747797039,9.08319247659516,8.695664216390735,9.100941366258064,8.834809338645574,9.020233202439782,8.690026548842788,9.100249197446397,8.725486912112476,9.04771810915704,8.683628527427729,9.104011922979295,9.01293278719433,8.829506728493318,8.989862235103505,8.89109856287293,8.995193706538414,8.866488064023091,8.986173103370055,8.826498646163424,9.028392808917845,8.805280136823987,8.984817131678737,8.883086690934439,8.971586503210883,8.859827797868636,8.972637440289134,8.86336091497168
1,6,13,imagined_bilateral_fists_feet,imagined,both_fists,436,8.058201690037382,8.57707681500662,10.242585040614083,9.820885671047908,8.575011633083777,8.699886148729984,8.651755642016903,8.716403699766339,8.40402985782096,8.691403173687725,8.641193825094701,8.71152612965286,8.516689359375118,8.684063347881414,8.636048418134264,8.715735009982216,8.921421637660787,9.078826568879366,8.980790350035386,9.11654052413406,8.945554499416776,9.084892909841457,8.932834730327054,9.07140084465396,8.886284530060223,9.060718007196467,8.982991759328685,9.115343816157916,8.936561552774556,9.086358604205255,8.957428547024433,9.104871495677225
1,6,14,imagined_bilateral_fists_feet,imagined,rest,437,8.06668245195064,8.149772548694889,9.70985336304941,10.064932169253135,7.712904972947031,8.775778464826475,7.671907476861979,8.798687554749133,7.971708659519503,8.672501683452687,7.667860779354637,8.811445916717046,7.76601471685303,8.73369763446037,7.674131843289702,8.811222934441977,8.060417798578294,8.652485483184423,8.073738422579758,8.683790342685574,8.054463360301042,8.662535207764218,8.02129899195188,8.64842772549499,8.035210376455574,8.649661582599403,8.07685537678723,8.676929097073396,8.038662246306252,8.658338220958939,8.043840217108706,8.659423006635784
1,6,14,imagined_bilateral_fists_feet,imagined,both_fists,435,7.833273573435769,7.883575707707824,9.964175940890614,9.914192929013653,8.26099775720064,8.193423842649114,8.27513143696628,8.224770321478665,8.260468145101608,8.12330411915509,8.278690297317253,8.228730847856744,8.262631698058314,8.16351094763944,8.28166921883146,8.235896740091121,7.483042564062836,8.059457665746194,7.648359380573573,8.08790609432058,7.570393714935896,8.053609602627501,7.500824099399166,8.02380055811334,7.389022760271053,8.04873866617898,7.636971396655747,8.081378757435179,7.554337096154504,8.03268561584776,7.594725656343256,8.045378402132272
1,6,15,imagined_bilateral_fists_feet,imagined,rest,436,7.760218700719869,8.690346909214517,9.961734509042442,9.787613798032144,8.13213072540284,8.68564688584179,8.135040341601819,8.671293778186081,8.149415503797622,8.746358037639254,8.142536787215592,8.665168380574581,8.104840438852058,8.68574945091795,8.13344096863223,8.670966701002273,8.31124163539504,8.60141191448397,8.36100719008382,8.589988013308,8.328963698624221,8.583219053771735,8.308801910184611,8.57719110615058,8.315519043245128,8.628170233287866,8.354619560024538,8.58586592037275,8.327823378217156,8.57735948774356,8.330080474408255,8.576890144717714
1,6,15,imagined_bilateral_fists_feet,imagined,both_fists,431,7.833712073451081,8.046587802018626,9.663250110285917,9.895110644960031,7.7919423121974765,8.509607304814287,7.783430894391006,8.542780576462604,7.894983350265798,8.396930055436739,7.780079140416053,8.546032248217578,7.794076263163509,8.477459262773783,7.797770479716935,8.553468659154007,7.592722894312948,8.278137922585193,7.580041410666848,8.280861599588997,7.584083454298157,8.250556759917503,7.5588548138949445,8.271711595414283,7.605414664190832,8.30055781654233,7.566423923777384,8.282319761609322,7.577090855976818,8.26257441513453,7.571607052658863,8.26470383494076
2,1,0,baseline_eyes_open,eyes_open,rest,437,6.622877830323789,6.713417426058788,7.2778025844641565,7.49680888847953,8.095650100005825,8.255059020040333,8.127056541646501,8.246472622350069,8.726926739769974,8.47959714371464,8.187220180852862,8.311819993167726,8.013522435707486,8.137407626637573,8.189676762227025,8.304199879448213,8.336854766097405,8.118987282208847,8.410980215552742,8.170495136357607,8.30585210737315,8.053342995379127,8.357962045860884,8.101144071471145,8.313094714436112,8.074248165860407,8.440800226174133,8.173901743940462,8.013736638444044,7.8300629409882205,8.440361949423108,8.178776781565876
2,2,0,baseline_eyes_closed,eyes_closed,rest,437,6.593469128984331,6.599696156638352,7.209733116232746,7.306164743048665,8.030240076543434,7.9974368754909575,8.023492240470778,8.001345203365878,8.549869548320435,8.407243337302702,8.093271981932359,8.066408597858969,7.887499723575894,7.877559023166703,8.092532736688582,8.06805530052798,8.053163353410751,7.882572573411192,8.129278559854981,7.936535594713147,7.9937027601534565,7.8055879323812905,8.051540143001448,7.851925666414965,7.986951171671763,7.8342491157814225,8.127820133900949,7.947330353461708,7.609927679943575,7.4919972097835705,8.129823836265265,7.953680333699182
2,7,1,real_unilateral_fists,real,rest,437,6.923124110965092,7.575422371197639,8.179744315494238,7.558180927273694,8.077956776104672,8.329189034481837,8.064880829153411,8.325122497729406,8.560422241877063,8.503020171217798,8.150500840206398,8.380748316406404,7.939528698689139,8.235563517778715,8.140404617883082,8.368387509751496,8.058468274515455,8.4289111800592,8.13537909799185,8.401704477319884,8.017970278975598,8.314735465406343,8.057281652875167,8.329612942538942,8.013528155189128,8.324634052944143,8.119287512471198,8.416463466403961,7.763444652363408,8.145502601411028,8.12521937162143,8.413838975345316
2,7,1,real_unilateral_fists,real,right_fist,434,5.903111891368557,5.93725946088207,7.952869581386071,7.8946472824126355,7.712202733184243,7.684647154999401,7.7960759723005255,7.64998106012215,8.495511160447673,8.629210984639586,7.888652390635769,7.809426907752825,7.662846854657728,7.504670636627131,7.885578083898429,7.781920776292693,7.786470328340161,7.84200398401435,7.640593716439875,7.8730870977946505,7.526657937387182,7.6772105458637405,7.650948729286069,7.713267996337512,7.588694132743992,7.741298073482546,7.685603335134252,7.801856757939282,7.250558618506584,7.391645059547949,7.7937814239510415,7.8182970874633355
2,7,2,real_unilateral_fists,real,rest,436,5.984351231242724,6.120187195532249,7.48036926487727,7.455437724120928,7.639571953164435,7.698436109129454,7.629109716927149,7.726338228151106,8.499549998667684,8.304076865845627,7.710025406911259,7.838166704614972,7.496396013767751,7.552237609074329,7.729459713866584,7.81581042346861,7.717159890343798,7.4490689987672205,7.800769654308289,7.5697164925431615,7.681119102009226,7.3647812118430895,7.743030678855408,7.4617865708340085,7.650875066878139,7.41815293815724,7.845076434037007,7.602300225643317,7.269577105182399,7.113488898824234,7.847382837265076,7.5893312077231405
2,7,2,real_unilateral_fists,real,left_fist,437,6.341639238845918,6.205178272124808,7.317089159499067,7.1584601096232605,7.778202505655231,7.661420679969394,7.736229517485032,7.619923546109459,8.38633404121773,8.352475261187887,7.806448738131149,7.692841430590559,7.57058322099258,7.455173600869773,7.7804761977594685,7.702027250875258,7.7390045553406175,7.639941654318108,7.84310810408043,7.733615211340786,7.699790483535201,7.575961737663736,7.7782777234398575,7.656917284600186,7.70106988826414,7.590168569750692,7.87057877069001,7.765506333878264,7.349082924282493,7.255336907664392,7.863430982728565,7.765956280697312
2,7,3,real_unilateral_fists,real,rest,437,6.0185823977228115,6.215039066396491,7.2767244976934835,7.1761614539419964,7.715912254091131,7.617327680140534,7.719804310060494,7.605881212289559,8.278058884327358,8.264135036856597,7.818788138738325,7.705684071503575,7.51518703114815,7.444675976867624,7.812025858919983,7.672512532947642,7.527138168954976,7.551259288643536,7.632732884564889,7.644882806725488,7.473652546691914,7.464979552290256,7.551338902191932,7.534609523551253,7.542023855843506,7.479474536279686,7.682826820795304,7.680749245708337,7.188684414500574,7.16544378646166,7.674092006934439,7.672842265973609
2,7,3,real_unilateral_fists,real,right_fist,432,6.094407054695748,6.149228457231747,7.647842271690952,7.473843836885418,7.80332000078185,7.685900611191231,7.753177896513251,7.6750958306065415,8.462992544804658,8.44727614687487,7.85771968218457,7.746798682506678,7.560589913040693,7.531294943916679,7.849586845454553,7.741457494404787,7.683884394909638,7.693142931539674,7.754505442113852,7.79523189750106,7.601039568502581,7.619341916984003,7.665408007472895,7.690003603268526,7.64954669934665,7.662858521899888,7.797994312309488,7.839358752645544,7.363537508926733,7.236425170352323,7.811408746588609,7.833714208797577
2,7,4,real_unilateral_fists,real,rest,437,6.097929597964376,6.05832688368676,7.420296295333591,7.248946460375564,7.598416199861824,7.582007733302978,7.6349172041213595,7.567489103260787,8.575467065217133,8.245348177563482,7.745161233456893,7.6369652052594335,7.442034287423055,7.401169419457239,7.710688319376568,7.632988749818885,7.68575442068297,7.425455006723589,7.749009880103195,7.562438898816881,7.62285045790048,7.357262880446417,7.689257072754375,7.4619832992679385,7.674107420250738,7.377662197429734,7.789646903229663,7.61378503520485,7.424592497534829,7.004127312572329,7.794831250736914,7.596273138497126
2,7,4,real_unilateral_fists,real,right_fist,433,6.04446186038103,6.220671861249912,7.52356554729113,7.574779054798419,7.646470937167103,7.75643770624684,7.591337689575553,7.75591092287155,8.591583241446635,8.36099614023603,7.700557806819268,7.854301452861374,7.444538910785478,7.5998826102712975,7.706964171265521,7.830817541280181,7.8395313400493505,7.60558125253072,7.928153553458725,7.683427660571387,7.777139570952999,7.565415817922473,7.8268584379804205,7.616664982908561,7.829230415640386,7.582682157154507,7.978167475131704,7.718756968114322,7.495158196006506,7.2702512907418555,7.945157080903556,7.743019350609729
2,7,5,real_unilateral_fists,real,rest,437,6.232827729169173,5.954713369030363,7.2953250288059985,7.210268298710128,7.63847261357725,7.449972153583755,7.627018937091607,7.499175200480459,8.328303842125877,8.379148609995887,7.717745315713687,7.598972508517201,7.4753034070360505,7.31670268396743,7.722436041852918,7.553274780544143,7.494378962456959,7.532068459231468,7.629308864305193,7.634068237692673,7.418777240106468,7.451089088375427,7.531871126087933,7.548634847640493,7.436302999099909,7.495292311902634,7.661083926810354,7.680897103775774,7.132019092127891,7.114716281789754,7.630492511971856,7.640068451828695
2,7,5,real_unilateral_fists,real,left_fist,436,5.982059287477596,6.1366861542959885,7.274256943923801,7.26046750238073,7.506164531138999,7.597977019153248,7.491966918006547,7.614344223728853,8.557983887930053,8.278216202993859,7.595169804437252,7.696138227505284,7.332371511528069,7.4283618770346465,7.564890586253823,7.693158282581353,7.736475412073185,7.435752462918241,7.833726488033236,7.533780042563005,7.669665960720992,7.370066067344058,7.75376491641632,7.442846671376814,7.687836319133014,7.401948440373879,7.864946230046243,7.581271524760044,7.323530395504432,7.119904208003081,7.870651588483821,7.581899676827548
2,7,6,real_unilateral_fists,real,rest,437,5.905558711146814,6.20203817737709,7.26055772794894,7.060097249217323,7.466905234624531,7.61919527795636,7.463084155151287,7.582561976132106,8.363436528189293,8.26309495548923,7.579125353147629,7.669216941167715,7.283071967213529,7.451587360531332,7.559406372174348,7.664466445913835,7.489511741739477,7.462082646590571,7.539114920535818,7.598808795904321,7.417880699005405,7.384747618538425,7.4773251141014905,7.476358983893511,7.488769075398608,7.408738284297008,7.542328856638426,7.649767043541649,7.234795974208399,6.983635537503056,7.5471137859777455,7.6556325173974376
2,7,6,real_unilateral_fists,real,right_fist,432,6.233636449557194,6.073951933235439,7.5843832266227835,7.516028546660027,7.721122129378732,7.633179136988187,7.67438924533052,7.648663891463259,8.573202062830036,8.387769843828838,7.782791585699982,7.751268644387173,7.597785953899387,7.473908628908232,7.788087164924482,7.736312270430913,7.751535588374868,7.542804930372064,7.84816999786523,7.639867089536588,7.717142827348136,7.4612074198808465,7.777056506854213,7.513441953625564,7.708789832291109,7.49561531877996,7.849902994474318,7.691585421664106,7.323334060095327,7.204451332929377,7.876836121214938,7.667788326608535
2,7,7,real_unilateral_fists,real,rest,437,6.1522017142881396,5.884012141902859,7.446689484750974,7.131859867093679,7.549976721819003,7.344227685958801,7.565503023837293,7.346206016064861,8.461705896664947,8.342962471545786,7.63395003103626,7.451710790836883,7.314449461194711,7.203034791407953,7.6186011019729385,7.4378504246658546,7.438538406856076,7.481302898387077,7.563882892110105,7.592387493918312,7.401076885628359,7.380998054768786,7.4836916380327825,7.469454419421092,7.367038697916753,7.449869825996392,7.581699404029049,7.632315455436764,7.219381211542314,6.971440783100482,7.56956108215861,7.620021621541416
2,7,7,real_unilateral_fists,real,right_fist,437,6.218809566507159,5.939517380466331,7.589705502566441,7.551774148103671,7.732017425412094,7.563482188427447,7.695207572638671,7.568128803201776,8.493332792192176,8.41072390382237,7.806680106653367,7.6950832871573835,7.521466136299462,7.4031748594464375,7.79532505357694,7.676890486254625,7.588047553517059,7.505477513011268,7.712304358926315,7.6054535263565,7.51337460278045,7.422358546678949,7.60536263222629,7.484772729521582,7.561436970938262,7.455439900471602,7.733699995020695,7.629299047536349,7.233532622718115,7.138953582546153,7.745936666730213,7.6192611384163165
2,7,8,real_unilateral_fists,real,rest,434,5.75317393534112,6.128481956591338,7.329082350222176,7.186217277908033,7.404341128366534,7.418652073106843,7.416898586139332,7.417833721418043,8.433659767985992,8.266683604066893,7.539774899241145,7.529698114857501,7.188640673495884,7.323020458659602,7.503748927873814,7.522079544435247,7.5021105216824635,7.437748326086065,7.593712568345862,7.560542179814783,7.41201872383147,7.353361453975161,7.490709632290007,7.440315365437514,7.467213926748954,7.380574144320907,7.628301657741194,7.576231166453373,7.1369526711095865,6.965872056792409,7.641115717042938,7.564619136106429
2,7,8,real_unilateral_fists,real,left_fist,437,5.960280313086402,6.1011578163563405,7.1924117625339035,7.272929430380853,7.41213572956161,7.520026666628968,7.3968364327964835,7.529824415488703,8.391955103100452,8.124159372234928,7.524897479113889,7.617342070216373,7.24156913682818,7.33541699213796,7.509480446901366,7.591503678751117,7.598945010607426,7.3192631585852395,7.629828442070123,7.51601203222895,7.487582752423408,7.176787881855083,7.538916754855513,7.269543373321378,7.596896614996627,7.469318848287828,7.624964629636543,7.523555234844061,7.114087593700409,6.896423217538798,7.653534548470499,7.438704013012146
2,7,9,real_unilateral_fists,real,rest,431,5.774092943006101,5.821730939795247,7.275885219864084,7.271200344954472,7.3199198870305295,7.386782144268428,7.332298523657642,7.413449705041015,8.460311546808317,8.305217133673853,7.427077577616936,7.525145882909143,7.172433610289662,7.176250270252895,7.436365931012936,7.498417927546024,7.458731349266672,7.347693620644963,7.598871021034904,7.431362505442918,7.371949834794221,7.289325804455224,7.496785699333757,7.3537101631450374,7.391377373603007,7.329215262271223,7.6298485123871105,7.443636667662666,7.0300560220470345,7.027409685069056,7.635832336100542,7.430349272980285
2,7,9,real_unilateral_fists,real,left_fist,437,5.881656489464605,6.172269510071497,7.19438198176788,7.338681088905307,7.386829640254677,7.600310566466878,7.355364447881631,7.620868753924976,8.47667100020827,8.138602469936824,7.486987574368108,7.717714125580791,7.178260689042871,7.423591718714879,7.4747800557803945,7.704632538860636,7.595386169725797,7.26840437739507,7.676266181532619,7.388040041113782,7.489279562487545,7.209171530362457,7.551383396429649,7.271850322378426,7.537326351667817,7.197572468846547,7.6979989953413535,7.4042024311668975,7.105997230443835,6.89984214984231,7.6574683337813445,7.410599495025992
2,7,10,real_unilateral_fists,real,rest,437,5.9012476416523,6.104084434201193,7.378331830577386,7.007883228590399,7.4730819390827845,7.47002960919414,7.492819212884165,7.485060011224745,8.482595979072832,8.28360619968253,7.592500169522673,7.574979349822334,7.2239020189867995,7.309089256398986,7.553558011198985,7.564939193401889,7.489979671300265,7.34042701857135,7.610030478818351,7.47345479985285,7.4549527054686475,7.238830451158579,7.513656557651961,7.3507024344753225,7.444032285257829,7.290220714439255,7.6182911931455,7.518789844938303,7.224762503055781,6.852433045678867,7.602548889561128,7.525349114867919
2,7,10,real_unilateral_fists,real,right_fist,435,6.21099229557092,5.992572249685699,7.458159470341724,7.616819665001045,7.714508661268174,7.521645049007122,7.654606721297402,7.544913079029042,8.463330259559983,8.471329534752028,7.733947232960891,7.6775331939336295,7.51635060437399,7.362886005257133,7.727516140271561,7.6662688315146825,7.5842822225597315,7.5000305321870515,7.741086279521218,7.582579412607501,7.484553894070665,7.459363807579819,7.586875772121793,7.50833159105643,7.555462523828956,7.44869584637953,7.786474989779594,7.612548119199805,7.088612967778471,7.162756644856411,7.75999855544859,7.641838998093626
2,7,11,real_unilateral_fists,real,rest,437,6.025080760721485,6.086970251491147,7.509718810882245,7.452243997610376,7.419591968808883,7.443669363054996,7.460495757314711,7.479750047285817,8.498439047012765,8.461651757154947,7.555341216466844,7.592809052950812,7.25799490015924,7.308026719341145,7.523860808803569,7.582177320469775,7.370325186816784,7.530053563078954,7.485052719349886,7.641036794981665,7.2957330012503725,7.489766204653969,7.360006468559947,7.545445054984525,7.319366529795371,7.503143929458784,7.512752406668287,7.688659802365912,7.067752567085887,7.1340631832224695,7.531867529420539,7.683801646082916
2,7,11,real_unilateral_fists,real,left_fist,437,5.654859466086083,5.843200378501739,7.532265426059396,7.3738677413659905,7.32497648889888,7.319695539857357,7.399074001507396,7.279214330612178,8.463210617806359,8.45624238882904,7.555041275446248,7.399957402063447,7.184354730174688,7.112182068702004,7.508677934148663,7.395604948315928,7.345348743282146,7.404738730054551,7.459487883553743,7.497648277828576,7.252350799770447,7.312447016722842,7.327224067648004,7.398200257950522,7.294908277700422,7.347240394689588,7.519604712675705,7.535566195530178,6.909598565137714,6.980735031857902,7.456869375169831,7.554719531601964
2,7,12,real_unilateral_fists,real,rest,435,5.625375279716899,5.699187545181517,7.536237989399024,7.407154863182129,7.339958251080485,7.318602853173205,7.314743309207971,7.344333061055087,8.553524709703924,8.41064058764804,7.454269926712246,7.481497024554115,7.181124404721263,7.100791472039001,7.467830572225213,7.453901850338461,7.398475660612833,7.2704120506245555,7.558089359836812,7.3718223032561845,7.347829667339178,7.187060158140945,7.464051082953152,7.273414119364058,7.344899323878165,7.24703102022838,7.586701171464394,7.428100119696471,6.942466633527277,6.981347737074902,7.591720478690758,7.425582202268537
2,7,12,real_unilateral_fists,real,left_fist,437,6.1148311900915635,5.809654392493415,7.4563383515707615,7.550173451895017,7.503328076531266,7.385039329746563,7.4846944121941785,7.385020652145429,8.484875850427686,8.46580580619186,7.549851619089234,7.540373236702438,7.293257250470571,7.1709847656377645,7.525668789225032,7.516109834950709,7.496629174361793,7.271919146685507,7.613583345320164,7.394700182244209,7.342244182655012,7.224188490490622,7.450553764237861,7.29595906135507,7.475198358586696,7.298117162672873,7.658401960873544,7.429666467514898,6.911148054074687,6.975504064475031,7.6308981655192465,7.422596410368142
2,7,13,real_unilateral_fists,real,rest,435,5.750386625109564,5.693200242563123,7.462988105902621,7.310236110336036,7.319904526748085,7.242994661931281,7.334898400288417,7.239885744783786,8.494123499779512,8.418517851679672,7.4601592123339975,7.364403913468481,7.134584541593247,7.009844014427092,7.438056015312274,7.3316114194239015,7.346514773714443,7.298919808369165,7.505115973048327,7.3666648181272745,7.272058957714749,7.190110250135579,7.376966584370323,7.27284574750979,7.288264055576333,7.249689729250719,7.526882306998013,7.411103451872524,6.897544143909724,6.899217897926207,7.484938736239632,7.411199352663733
2,7,13,real_unilateral_fists,real,left_fist,436,5.881816519505184,5.818257574728265,7.404330332712143,7.287684818260297,7.406148512340995,7.221435401864387,7.420031261953677,7.226200892876119,8.338370602916234,8.39603003028631,7.525795039329181,7.374611007938131,7.198163764881175,7.048629660589127,7.4994431666056,7.356993977628804,7.220710273470643,7.268466213634158,7.319936408013125,7.403664918478609,7.103269756009003,7.188197790365229,7.19274262969004,7.272034134626258,7.152446628386004,7.207211879083903,7.4017164228450625,7.443205202428324,6.823080992220822,6.903924836914637,7.403280100195196,7.428218693411478
2,7,14,real_unilateral_fists,real,rest,437,6.008202059758759,5.74250289867225,7.435025758136111,7.34754389125692,7.466095673533958,7.274141573967075,7.4577454723809575,7.283142012829047,8.56442513543196,8.431403401736969,7.58996004360235,7.4185888923949355,7.285656922838817,7.069806969030718,7.571686377855019,7.404808498319891,7.419778855774862,7.244927266220476,7.512377111799477,7.36374277608894,7.33157790998911,7.14617909494656,7.426345497185535,7.232731190171933,7.408082791229025,7.203760419465245,7.560232988616231,7.390775506422695,7.027873446982892,6.857272481021482,7.58724445485087,7.382444962115454
2,7,14,real_unilateral_fists,real,right_fist,437,5.881213949295116,5.96736250848781,7.69479111002337,7.6936405578500295,7.524398886122845,7.4371723171478905,7.542284833326601,7.382710217316476,8.732364101186544,8.657323110121087,7.673192254247701,7.535876802550596,7.36101188202585,7.216148672027258,7.650028773156723,7.53496487961029,7.521605643993707,7.430318601682981,7.657261930856466,7.547633726769238,7.423412140210736,7.346008698398305,7.516250810830219,7.417387300639569,7.518133894085654,7.374845896792938,7.714101086758866,7.571360478169105,7.115486994655457,7.049202078182438,7.70465056793532,7.571869089076466
2,7,15,real_unilateral_fists,real,rest,437,6.210819233341214,5.834638240319668,7.435267198110382,7.301345996277097,7.476486472393677,7.235594222385819,7.498281952196821,7.270147132138405,8.54948118389187,8.435156062105964,7.628997150782702,7.385012810591095,7.297227402873191,7.070413419873661,7.613106857965185,7.384902901869013,7.370974706298457,7.270109975405854,7.515543798629268,7.377713986890002,7.263146263163498,7.188799013360157,7.38648344093422,7.252376323650913,7.338541988996493,7.199472199927575,7.523396401009986,7.382176358931967,6.9930844799449075,6.818798786752489,7.505087262411571,7.3926172666942636
2,7,15,real_unilateral_fists,real,left_fist,429,6.007528694283209,5.7231249363646945,7.240186926824477,7.322822254482655,7.432147528463378,7.208658558445446,7.433185839586455,7.196537507042902,8.487127953857373,8.453158945925573,7.508672705162925,7.335568191703562,7.208714702206381,6.994974358001177,7.493390314571675,7.312058611276395,7.352831557914888,7.33275979240544,7.466436999191879,7.439312385584811,7.233040164649664,7.25311018631819,7.321044525903457,7.338698176192853,7.31077398555285,7.29084918137459,7.5174343112533855,7.483794138322256,6.841130362690659,6.958677217047126,7.4943662132612,7.471176541766002
2,8,1,imagined_unilateral_fists,imagined,rest,437,5.600687916872819,5.955299492368057,7.46289652291718,7.24713294619021,7.250381435569327,7.340541140661441,7.2950200157812,7.346678215235922,8.575961773985691,8.362275665133797,7.425762669470161,7.452206638613932,7.077604462172942,7.138025025442879,7.386205545040062,7.432862665524044,7.366688651018462,7.192932691849192,7.500336180431686,7.344969415998902,7.298175771741498,7.100041555725351,7.392516274865309,7.1981318738816915,7.330088499010253,7.1409050200509085,7.526634326456968,7.398778364101916,7.016857206945015,6.78121123563656,7.538347977418043,7.37442867799773
2,8,1,imagined_unilateral_fists,imagined,left_fist,436,5.75753262753694,5.923366224540455,7.217333680864687,7.267880625643593,7.2127562786643535,7.337640417920247,7.229398397673303,7.345742836759608,8.603140554302245,8.33237269919263,7.342865100666668,7.460918164599322,7.0333973060261945,7.146583640057239,7.309517694188221,7.447055025400183,7.441946912176572,7.181746078914963,7.584975507121965,7.323253867293113,7.358053296464978,7.099541652672271,7.469789349353749,7.203533235650488,7.415410766237819,7.13839351069522,7.622608256312981,7.363753242091935,7.007024636534237,6.814135073544667,7.619216120770397,7.3384508420991335
2,8,2,imagined_unilateral_fists,imagined,rest,437,6.673877847693071,6.2245174441199564,7.506369642172637,7.678079986659268,7.62624296881714,7.564177299819741,7.646532990363525,7.5900208458355305,8.910016569014601,8.486634103545002,7.6720417195623885,7.709285649011318,7.5509604072176835,7.398795045505422,7.667193949605946,7.690457393929051,8.123815801810085,7.390570475291584,8.191110076880069,7.510793215208249,8.035863553411053,7.263110503750062,8.107914994414914,7.333111456695042,8.085966121383851,7.30286286111499,8.229881747752053,7.511358428490448,7.857539686080132,6.984664807909411,8.22978982834416,7.514236442422553
2,8,2,imagined_unilateral_fists,imagined,right_fist,437,5.923556807952095,5.897119167411107,7.459888420390141,7.223829416990049,7.421215144920482,7.319484703664477,7.420225772592921,7.339524623931683,8.5585389531176,8.495528376462193,7.5236464855914384,7.456414604723568,7.238433787023504,7.090660361599366,7.504486904610328,7.436554233019081,7.41683800588631,7.299603595241263,7.545777749896099,7.431303809846466,7.303893685267836,7.201494800900488,7.413195720417675,7.298452603077835,7.37565118972723,7.244844389845529,7.60373214620702,7.4262309474568,7.000520036955744,6.873277425241242,7.570101427455868,7.446876598194013
2,8,3,imagined_unilateral_fists,imagined,rest,435,5.941079867150852,5.885587568502594,7.4561667751341645,7.259984253277907,7.480057351274288,7.343115873780516,7.461549959416404,7.384041632968942,8.562467006897096,8.429665048396734,7.609806263224559,7.510570823229195,7.286270656085603,7.168929643873619,7.596012446230166,7.494178806222883,7.380342068868964,7.249208026575311,7.485357432764446,7.3797634408468396,7.291582734104143,7.141526704972501,7.385903819595206,7.248045632072785,7.337374804229213,7.188728537153797,7.526562797675554,7.4278338718387396,7.006732783093258,6.7977325595517915,7.566272819800315,7.410813216981101
2,8,3,imagined_unilateral_fists,imagined,right_fist,437,5.98071458106761,5.795342989319097,7.293334703554346,7.3129748169398505,7.375742656211578,7.330808310958555,7.385079572562972,7.351477924544019,8.528820551611119,8.478900969938698,7.479725889271294,7.4802265106121695,7.169837545263998,7.112238930062139,7.465790656714545,7.451057881866896,7.386691342030266,7.208828652996218,7.512917753569463,7.363344326456111,7.260438003015179,7.1183536806202605,7.3458680688197395,7.229372948860793,7.338460541269897,7.164550442976396,7.551753096430888,7.4124241170938845,6.865165672458524,6.846012540672616,7.546363447630719,7.383641669388797
2,8,4,imagined_unilateral_fists,imagined,rest,435,5.987989877015454,5.916785042729143,7.394554207419774,7.190745566243974,7.422197391176481,7.223915844313531,7.482468018702378,7.222990759718333,8.546200832460586,8.505876878925802,7.584259884721337,7.330377647669825,7.2802350885517155,7.032224132587938,7.5661349067868,7.321616412498082,7.3400266429096686,7.337717457037436,7.484454972371357,7.477477926290906,7.227631358826471,7.235833565311857,7.351738345504414,7.343499573702226,7.275591885392279,7.269881603803787,7.55644632342031,7.499368312791264,6.908964137100973,6.846144371358659,7.51241473098853,7.503468016986192
2,8,4,imagined_unilateral_fists,imagined,left_fist,437,5.91037855059308,5.906405154379094,7.468196541858976,7.193309749476683,7.4234429506381625,7.303162655293853,7.438619863066283,7.3033579033702,8.52918796797467,8.538344576068196,7.584823268493179,7.420907932168,7.247931887131391,7.057524877692628,7.580462104621289,7.393311412123848,7.2779937337885,7.288258499000524,7.397911124765225,7.440048730234359,7.139605015278789,7.201555465157604,7.237628658602423,7.3022372673230445,7.235032610176824,7.243824285790567,7.4436178008272185,7.471139262691296,6.95955381797085,6.888759911810883,7.460403379609898,7.447939259916725
2,8,5,imagined_unilateral_fists,imagined,rest,436,5.863729774909419,5.861891347043564,7.322808971811648,7.284039626591713,7.403299533034456,7.272936248780548,7.433676058739396,7.284470067370315,8.486158913967117,8.494620868025814,7.563293248422477,7.400087338598838,7.208497123144718,7.0474208195872565,7.533962240392378,7.375934447084663,7.225786615213634,7.243295070167666,7.367245839198016,7.390699785955206,7.103826020348456,7.154441609094759,7.216823414551136,7.241103922498105,7.1582881689986575,7.1931505360386305,7.417625731258154,7.419106338075516,6.789114932764009,6.870408043880828,7.432419071380488,7.39141458668038
2,8,5,imagined_unilateral_fists,imagined,right_fist,433,5.8931146233346015,5.897430148507586,7.3116364862879655,7.219103103986895,7.3054590460138975,7.292938464780119,7.340033071304856,7.299915925782373,8.691669158068391,8.448431411444258,7.4332350339339115,7.44139961609158,7.033737594653874,7.107316930719184,7.410614744170942,7.424119784869727,7.365028687101005,7.204326813553511,7.499307352035339,7.35044987720275,7.282009255513602,7.1034395248252675,7.390516000229052,7.212722946879452,7.333706473220154,7.155830967974507,7.549835977671707,7.392056720699404,6.996907217553961,6.790605697962118,7.53180848610497,7.392112036268977
2,8,6,imagined_unilateral_fists,imagined,rest,437,5.9944760779142525,5.9068230840569615,7.24584306803251,7.202606552310661,7.300684936974033,7.246978581522118,7.331451093562804,7.277759357926849,8.594564256175817,8.483685977932913,7.49626755345525,7.398074041494062,7.094688623344035,7.080379848126096,7.46864602562567,7.379750915325404,7.337848825084728,7.252702709339406,7.4480376760564955,7.362490804080126,7.21898290488043,7.162767119175057,7.298807656070118,7.247909197467443,7.281911385712053,7.208462378991816,7.492003415627478,7.396475227472791,6.914208358880317,6.8462482959814475,7.490437281179404,7.422798867316631
2,8,6,imagined_unilateral_fists,imagined,right_fist,437,5.84270245774724,5.91923065709237,7.379105369043065,7.147458781611501,7.307661172823761,7.271974694321287,7.329648549850127,7.297579479323614,8.668015617466441,8.476505656221056,7.462152556680105,7.405489161026682,7.109160041514716,7.049985500742655,7.4531045170215,7.37355451022023,7.342245069355533,7.266034887417698,7.491930381064525,7.410606345016918,7.2663115071888145,7.135777249425905,7.367637287719988,7.244950957299847,7.3175360470493676,7.205773158274318,7.527797012446557,7.445048445298608,7.066377924349669,6.769095985965924,7.524878135803883,7.436945935794319
2,8,7,imagined_unilateral_fists,imagined,rest,436,5.917545683789621,5.667602211594001,7.235766743076223,7.217290590092706,7.176724117034246,7.134666756878884,7.22998284713486,7.139557431130519,8.650498262965371,8.466434183489527,7.36773398979587,7.269147175322238,7.026879000114375,6.896082600117431,7.357006680107011,7.234625037122852,7.358508504337309,7.19303462060097,7.500924067789656,7.3265001173656605,7.2660371784181095,7.081245619285527,7.390106216435545,7.179691602124397,7.259315424664224,7.132745043123896,7.5412845462832685,7.356970830898709,6.920294546259098,6.745570239010485,7.495020968316006,7.347785825868182
2,8,7,imagined_unilateral_fists,imagined,left_fist,436,5.967357977310858,5.775692288877779,7.208291775264819,7.237840730688128,7.292671422284728,7.258940242994087,7.3065759882975545,7.267685321700329,8.61570907980083,8.498338017285937,7.445698792636914,7.392528919543453,7.105680973419595,7.000155249050598,7.423156356920726,7.374390727116995,7.506672545839492,7.213033338572714,7.53403477724582,7.2923831729431265,7.252150731191976,7.02352022242492,7.39485526229835,7.1585068720107605,7.435602589253541,7.154636726382713,7.585417797530454,7.357949681817209,6.816971321309171,6.807943484967497,7.547018525415198,7.349011380139914
2,8,8,imagined_unilateral_fists,imagined,rest,435,6.101834676310796,5.93962833324616,7.324668382392765,7.243318376415135,7.369166472006888,7.263096466233514,7.350930229743367,7.280343593585748,8.644461172814749,8.53705300550881,7.4908984850195965,7.401425898265302,7.207799812675082,7.009330881986886,7.4856983951153895,7.397033332353851,7.4170453055114915,7.229811336008911,7.546296144295671,7.354989585050517,7.311067782333318,7.109539805265736,7.40771397999267,7.210278575771956,7.334741193812529,7.1999274622226554,7.562017330838613,7.3874917242281954,6.93666289801539,6.897301491737462,7.585405448347331,7.382151228638409
2,8,8,imagined_unilateral_fists,imagined,left_fist,436,5.950483588393465,5.859901966034252,7.26599902427507,7.183927485254684,7.302100073567387,7.208520817189984,7.33395992083927,7.2273245220026485,8.594309807092683,8.544626190879265,7.490379404875596,7.356996302567652,7.103426090809022,7.001804077102718,7.467911873895758,7.32255286303065,7.2993195942941425,7.229177070123214,7.419137092377035,7.343586308830734,7.1759935764198035,7.112857699317439,7.260979864895736,7.2104591161202265,7.246728859214444,7.166847136595484,7.439705573662718,7.387921789112638,6.816975377708335,6.820989779627856,7.43132265102907,7.386376209098193
2,8,9,imagined_unilateral_fists,imagined,rest,437,5.902801035333817,5.895378607395552,7.178880303392486,7.297785894734871,7.251886891799245,7.242108089866325,7.270627415046428,7.247325221095474,8.644626335895454,8.44976581485325,7.3834995560386565,7.375346997408161,7.039648042634418,7.000748523352441,7.361062249777028,7.364393354209724,7.389146984705512,7.046386385618054,7.4890209339645395,7.1830899513565045,7.2724258011609075,6.918992159388122,7.363493171296794,7.03273398533028,7.308408293906177,6.994054880163641,7.542641102132896,7.239344049344222,6.817979088679364,6.764986490533409,7.543494816164817,7.2430485278315615
2,8,9,imagined_unilateral_fists,imagined,left_fist,437,6.01039251342487,5.741692931670559,7.334617915419162,7.1178894708552845,7.40880413042853,7.084018910710385,7.41647050174563,7.112711104035782,8.509360775879957,8.56663409411983,7.5353453554728205,7.257150851550674,7.123278651200239,6.897042083719652,7.493369212095046,7.240057161236863,7.113362220849251,7.265530742600254,7.270260583004654,7.390327503653858,7.031692556414689,7.158726846960226,7.139313147768436,7.258780421758743,7.085518259443244,7.210948924700256,7.340612231832794,7.427182070867152,6.8747368694003725,6.793660023525327,7.324715129960879,7.411802037540113
2,8,10,imagined_unilateral_fists,imagined,rest,437,5.825533275589043,5.853249937672036,7.24933747188448,7.219118697852269,7.189184004491353,7.200501374990616,7.21098941704108,7.196430589893535,8.63759850504832,8.533481685684404,7.354500010660009,7.345834492581317,7.045294604672359,6.901864158965184,7.3593975624434655,7.309645032024074,7.227514404732331,7.134406490890158,7.407894224368745,7.257325064854706,7.147492661289027,7.03170031282427,7.2808748686525915,7.132870963469402,7.173002120885477,7.077328118105958,7.486391647414526,7.285215054125169,6.83937910036726,6.790211179056479,7.480501885173153,7.3002297536406715
2,8,10,imagined_unilateral_fists,imagined,right_fist,437,5.9496314760024065,5.8192296104269765,7.235862651599145,7.278524278966777,7.257316687826951,7.270021089513274,7.289225163712675,7.260095248566287,8.635141924225815,8.504990547731625,7.428926992925567,7.39348384539228,7.077115795821184,7.011676068601896,7.405020406871201,7.377931990422935,7.3157306720938395,7.10403424445541,7.435344014263264,7.261998259314666,7.184220429621504,7.018896589013128,7.283157475283236,7.1358207160362195,7.236984098805214,7.037940786874216,7.492927069023504,7.283723496271319,6.794041437921621,6.784548026334718,7.49709249416328,7.254662478747527
2,8,11,imagined_unilateral_fists,imagined,rest,435,6.033140747984605,5.785660660507758,7.1580059559747005,7.1663362685062895,7.3295278157484995,7.198223998371102,7.336688208205102,7.224888839264729,8.54775030683799,8.53924100874937,7.4565527437415735,7.361999762970793,7.174317751952098,6.9497322362963425,7.45404631935134,7.336274240907045,7.2322697878160325,7.124598495341795,7.407496500256391,7.262659146646976,7.07648154482058,7.007391215953722,7.215590425766603,7.103747613604082,7.153249891270533,7.04896845432387,7.477532758613089,7.291128463293519,6.629852344198978,6.7317318206228824,7.466753309755168,7.284988937284299
2,8,11,imagined_unilateral_fists,imagined,left_fist,437,6.014182103163721,6.022316330784649,7.247923179007447,7.108166507959538,7.258571916352391,7.251350283695006,7.280580409705088,7.280280121696261,8.69974165705036,8.47906803887643,7.420793783712391,7.3900324491675935,6.975178098463028,7.074610054496285,7.39906438068419,7.37244980642366,7.269768064485353,7.193413562684434,7.358758067854535,7.3787021939870545,7.1389096213881675,7.077305479078442,7.240314687037943,7.21030847988153,7.198063303397665,7.133831328777847,7.37997009232872,7.432736344687799,6.890371803730023,6.724523944531388,7.365665924176372,7.41091678222799
2,8,12,imagined_unilateral_fists,imagined,rest,432,5.950637457401804,5.837829399182764,7.1708711060400425,7.123824864707643,7.356307404640673,7.171137273093092,7.385548424205691,7.189052858968749,8.63216913710822,8.469210024250923,7.475099641247022,7.350972962433114,7.055941280200719,6.950316618949158,7.444926124189467,7.330728607818906,7.2063149543475955,7.047929656152039,7.35743431401434,7.1901283133565,7.1102507885656205,6.931253736387948,7.22273676236747,7.052173162228844,7.153302883649447,6.978070546555105,7.40534473400403,7.235397361962778,6.771649943089842,6.6779633622327506,7.387399848906246,7.218040554909935
2,8,12,imagined_unilateral_fists,imagined,left_fist,437,5.903072046297515,5.770316928046561,7.232094863405672,7.122787411387614,7.192864353361071,7.154178401418052,7.222389723756022,7.148611770631553,8.657343502705135,8.533198488464235,7.368509255028012,7.276126057747706,7.023398011034432,6.903108161323553,7.347829919940732,7.266317155520162,7.2863219253178855,7.091609497636895,7.4427085422241275,7.213570350254524,7.168085800078388,6.98828029965925,7.295994852582269,7.072100322259717,7.226375634357668,7.035341798594577,7.483181548259038,7.241371375455236,6.844380421466644,6.709094272763602,7.451016616499167,7.27577378553195
2,8,13,imagined_unilateral_fists,imagined,rest,436,6.004415874800341,6.049462071192479,7.2755188286017,7.037338502271496,7.380172861126455,7.166456270062784,7.415620920831475,7.189433463852865,8.514165917709803,8.568955796063776,7.490776259098503,7.355351507498387,7.110510375187346,6.966863653712194,7.468196168020009,7.331659142563453,7.050350067987849,7.182339608448552,7.219067531401631,7.3518805924525825,6.958468564271746,7.053780989120443,7.067104226885234,7.190885529264704,7.0294673065911395,7.109180632698126,7.3013514612456945,7.388609898894259,6.769058477909626,6.635988325594774,7.275818144684603,7.362602299707154
2,8,13,imagined_unilateral_fists,imagined,right_fist,437,5.739522233139707,5.764198244033498,7.244811747367528,7.099028653606638,7.21219933816467,7.119423584136993,7.201980859853745,7.1447498316089195,8.496469343680923,8.557485037553178,7.36349518144922,7.278957905362406,6.929858054544598,6.917656977037562,7.3348153854745535,7.257386343218448,6.999873231649847,7.12560265215007,7.131702506157832,7.260378439547002,6.867876701051729,7.020175138863708,6.977080730661023,7.12008686099242,6.94547407576845,7.052404128198396,7.1815779746612565,7.307890315493501,6.678086907987539,6.717105228700868,7.132622722222611,7.302634581466791
2,8,14,imagined_unilateral_fists,imagined,rest,433,6.056032787180909,5.95624003809019,7.240566842154303,7.082247578839858,7.288371859251337,7.085642304537657,7.292521255761124,7.1367445675255805,8.50956933382573,8.554456588142935,7.408653771091729,7.253664355248794,7.05171811877994,6.830926362812649,7.380265579443777,7.2251372387058765,7.123168496591684,7.077218765143708,7.32775743841719,7.192767872793066,6.993194482883221,6.9647447522095,7.130654262918946,7.0575540619461234,7.033238967529943,7.028374675603363,7.361273892919405,7.228659951335433,6.6899020329080425,6.674557368094366,7.335783673883735,7.238105287242769
2,8,14,imagined_unilateral_fists,imagined,right_fist,437,5.70952396559657,5.902986566591567,7.167842988440974,6.993128474815579,7.05141299884473,7.144830918362524,7.108961783572727,7.16502860282785,8.661688884420368,8.514574921818168,7.274238642321317,7.27735069801102,6.8411002432744095,6.928590354567633,7.242216222570728,7.256949354574825,7.244052525676452,7.0923443742426056,7.35139900216287,7.2583499075328985,7.11426817318601,6.955798510639167,7.209835183377153,7.081343192948936,7.180060139749425,7.013562716694203,7.390448475673236,7.325064045841706,6.719600894643884,6.644816894489601,7.378628473548294,7.320852749848855
2,8,15,imagined_unilateral_fists,imagined,rest,432,5.9050845283914635,5.918154915801121,7.250126921643473,7.0459726704604915,7.15599619382399,7.06083490932125,7.166738751579926,7.063060287305942,8.520350809567038,8.580543361418627,7.287417957752154,7.204019525698724,6.921528240207228,6.804706471379278,7.2504591966999135,7.186578045117838,7.111253761384649,7.133332221320263,7.292100719966992,7.274132161275472,6.994446734846888,7.015157304922739,7.1132760720197075,7.140087844492363,7.004050556452811,7.059113764416826,7.3216417039661685,7.29306301731806,6.661308055086489,6.710360925168808,7.3279963865657685,7.289439976202727
2,8,15,imagined_unilateral_fists,imagined,left_fist,437,5.8563379718403565,5.897638465291792,7.272149412429823,6.992261387799005,7.204978406463321,7.1243763327633856,7.25066446853633,7.157942662612782,8.646326127579266,8.549327971587825,7.359629313610704,7.2982329823609655,6.947853814877309,6.875446344981756,7.339265035816937,7.254983934118853,7.168188245891769,7.082885672890141,7.294932451426855,7.241972737274144,7.075870229761837,6.951510182767518,7.170924371544236,7.074576032277019,7.104327396604944,7.013579099786065,7.3413356786586705,7.303842689014385,6.86474729468805,6.624111558376722,7.349224747182941,7.277288258773252
2,9,1,real_bilateral_fists_feet,real,rest,437,6.192419407436494,6.275138304104776,6.98221033255662,7.1346325367382795,7.236274049782712,7.293086922979865,7.285919863300444,7.318217568386369,8.568987848656064,8.528098192713346,7.344717513719433,7.4634303559594155,7.01468018389097,7.082514403406284,7.33838193128051,7.446548177512166,7.218956671727123,7.106938315367121,7.237287800263514,7.331246752259217,6.944202919977575,6.995344602678085,7.154505469355865,7.060655659825049,7.513866742586195,7.238815208311331,7.342855549437321,7.324128830459799,6.595360849892442,6.660582342533443,7.430899841127871,7.263168255515722
2,9,1,real_bilateral_fists_feet,real,both_feet,435,6.030827874855835,5.757476762095118,7.36940091087638,7.134287496502556,7.353155553397145,7.025708839542838,7.2664553275042065,7.140332505643638,8.697463503530324,8.585966275327182,7.45454615787124,7.20136906565191,7.048652773077184,6.84765305310498,7.444498365652483,7.1840148441870655,7.309364799551612,7.290475339711728,7.060430429176431,7.191102055197732,6.886301708667249,6.918205168499135,7.0482261687641605,7.093917383027294,7.173857314087514,7.686672132379255,7.261769207878275,7.280530782725245,6.5654620576874665,6.5176446914146515,7.202879792518628,7.280311190875539
2,9,2,real_bilateral_fists_feet,real,rest,437,5.9806229439257494,5.851158552736281,7.288307433445948,7.010745016264595,7.252193255141726,7.038005354851202,7.255753684899581,7.073833207294205,8.698616215174203,8.513957544789012,7.383817521961866,7.186389050430402,6.962355807620962,6.843372194896979,7.35611895564629,7.168570331186374,7.026293657257413,7.047904038969793,7.135664059781171,7.214619317582659,6.94855518852486,6.915757270852869,7.0238222297421595,7.060189087549247,7.025413449394299,6.9731960226974286,7.20794515723424,7.275412746903548,6.897124269859983,6.563497034704402,7.245167378916577,7.265850148559323
2,9,2,real_bilateral_fists_feet,real,both_fists,437,6.135028386635023,5.928779285672534,7.5275613226312155,7.429312710030224,7.415692531384346,7.273326282946131,7.329371200712429,7.273103388832751,8.903827450302058,8.716234781742806,7.485658718631916,7.427566453963978,7.165085809464911,7.036991670923335,7.473584365245809,7.413887020556079,7.440586647268199,7.184890556591556,7.558313929758829,7.315571356710796,7.343959347088966,7.063701539063574,7.470274442205309,7.157752205930738,7.386003667160297,7.15686025545671,7.608441494208937,7.370060461788786,7.035972630384112,6.8152546124085625,7.601535157903786,7.371201137025618
2,9,3,real_bilateral_fists_feet,real,rest,433,5.982705739325054,5.81485676510295,7.288313362076812,7.20478423867522,7.208498278230613,7.119365814330636,7.222504327243842,7.144986394327616,8.745196315201104,8.665481097586644,7.377753042200836,7.2928554106389685,7.052886471880477,6.848173117289362,7.384284723996266,7.253157566431181,7.19576716791813,7.062336716878583,7.332468967212811,7.222873753038045,7.039567693394641,6.954302072522124,7.184713574007401,7.070367807508021,7.13393514158127,7.0468713604314255,7.389071471419208,7.297043494762275,6.739272200809302,6.742509682013588,7.445909530688471,7.268319731068512
2,9,3,real_bilateral_fists_feet,real,both_fists,437,5.783802148086508,5.844565921227385,7.6305766509385515,7.464396878536077,7.31254915441768,7.18635632012093,7.231848008760084,7.138091299798499,8.781112085922063,8.79923584079545,7.395996820065763,7.301778434811582,7.026559820858534,6.940941590091205,7.392365960941923,7.290678225333085,7.671471266227041,8.517500615074349,7.374223333756732,7.639891370240018,7.135392894566626,7.246933883725224,7.152971505100012,7.210723800485449,7.204166273973087,7.558182757909732,7.408385517887103,7.3836063110308565,6.847204033579221,6.7672384206176,7.437453735328924,7.419302170672252
2,9,4,real_bilateral_fists_feet,real,rest,435,5.612141287453227,5.476212943511176,5.818518457107851,5.6134026803341595,6.665265649533548,6.575986788787918,6.758438336198342,6.6616529401149185,8.372259724423106,8.197991714515956,6.874840395177138,6.810388105729787,6.488556640951641,6.3693239196321665,6.845116732883221,6.775016502455102,6.749698117190831,6.513679845181997,6.881478136936373,6.731013820864783,6.631231276898353,6.377045244503939,6.795482337022219,6.549398272748531,6.740422239748247,6.4291219868079645,6.930000803447288,6.796183135689285,6.452130688098408,6.114103924130247,6.941782449797436,6.73788173402345
2,9,4,real_bilateral_fists_feet,real,both_feet,436,5.578051811224749,5.444236599464473,5.277975535773635,5.0205248273085035,6.516949899198729,6.494701261853433,6.60297900369358,6.585874791550757,8.275927308864738,7.984449034376858,6.733984156588123,6.672348083394791,6.263123924761876,6.292838346192834,6.703530679435489,6.643739993237314,6.580668157846072,6.436299430605371,6.734467493757631,6.625565335166816,6.504113060487232,6.304120933129863,6.639787209425983,6.49718926606672,6.507282955077265,6.380274368951253,6.709696767209372,6.7400445197951075,6.267045226870552,6.039036995617133,6.708671157466894,6.682055099629127
2,9,5,real_bilateral_fists_feet,real,rest,437,5.49888882340813,5.444998480035035,5.5653419359229455,5.302023638787191,6.5739095988958764,6.5210524392341,6.63870170007332,6.595492518303585,8.180616783031777,8.167465889440184,6.784157969778378,6.682588072418392,6.273669567468306,6.283352770479214,6.743681270530598,6.663017303643269,6.5513146473803765,6.548169477339855,6.734767632120035,6.728263178132472,6.460540275507349,6.425740892924859,6.620082869445872,6.606741560922136,6.480927195209545,6.4816823181590575,6.746734175670412,6.766006563471487,6.259783098016772,6.0338210431517725,6.678555758809672,6.773008875051139
2,9,5,real_bilateral_fists_feet,real,both_feet,436,5.53151144410681,5.715256855459526,4.904146953421079,5.297401013366809,6.610789806198398,6.507188697665475,6.675739877298603,6.613788984092451,8.19814502038728,8.057264644584748,6.793152343957515,6.7103531955672,6.264490177432129,6.366159859488402,6.786535037343994,6.661466981176995,6.588785942518879,6.588591954640966,6.71048604103672,6.829122578737451,6.469697835054431,6.483281196464162,6.5991661161198785,6.6738019604745515,6.492962641334143,6.518443726518071,6.717886402611182,6.843594961656505,6.092709938304869,6.087018651907002,6.709794926837542,6.83442725303816
2,9,6,real_bilateral_fists_feet,real,rest,436,5.638227170073535,5.562305710402827,5.350010939159579,5.470352970335337,6.640250653010733,6.553536761690568,6.640584186131475,6.649578497209852,8.174188009230816,8.207347039901073,6.723278548569008,6.797300563727229,6.411055655561284,6.358731875393154,6.707456691669546,6.762633830428117,6.610027628349492,6.544516958624399,6.841443212489562,6.741465008583795,6.466306118833599,6.440235900181489,6.660845404623854,6.628248825624632,6.495766548929766,6.492160861471174,6.851686303370123,6.758126068481211,6.084622201109632,6.173498582672957,6.833525303549097,6.761587364482349
2,9,6,real_bilateral_fists_feet,real,both_feet,434,5.540851904795029,5.571258016966633,5.035154132568928,4.696661247639229,6.44814466864967,6.579146467893028,6.596886508036707,6.6411026766091465,8.16782569413513,7.987281419038291,6.725158035363276,6.7718651111059,6.168448597857271,6.320619114404456,6.681742891884517,6.756970968385007,6.500470167874329,6.337018624678701,6.744045097254149,6.517188141013423,6.444646788191859,6.160136574582726,6.624885764571028,6.381929731700368,6.409603478143444,6.251599750714482,6.821702690058153,6.547030289183904,6.031369417300284,5.852838415751327,6.759283766617091,6.5620361339899835
2,9,7,real_bilateral_fists_feet,real,rest,437,5.471299484108743,5.581449727138018,5.243694530348574,5.378716810091313,6.525601947286362,6.549630136866517,6.583249185514248,6.634453010688115,8.272388805566592,8.202647625677963,6.710573056174914,6.7628051626988075,6.2413336105686685,6.323733869984073,6.672486189694383,6.7544172471034845,6.598156061425859,6.48469345261722,6.7569767545668915,6.699963947780819,6.44559648735463,6.426509451393731,6.636609559534207,6.616442748933008,6.581102706921791,6.422718156313923,6.838599848577218,6.726576740555926,6.222350498552418,6.141873885531409,6.826201718650779,6.703589433680402
2,9,7,real_bilateral_fists_feet,real,both_fists,436,5.964559423253497,5.9512289582419475,7.479389427263151,7.280175854423946,7.225131107304152,7.221449908223517,7.228279378599057,7.187832876108664,8.88474240338648,8.737128594553953,7.425505135069452,7.3306754966971175,7.000625508138547,6.97836303215809,7.408816800112278,7.316401702438047,7.240163245069559,7.125825173626389,7.40009818090324,7.2842818145343085,7.1504186596360935,6.9615257379904305,7.227757919902502,7.086040797997138,7.200025481524593,7.08472896899653,7.434630623332396,7.36233707766705,6.914343335946575,6.63990175088455,7.4228801074334765,7.3643970625678925
2,9,8,real_bilateral_fists_feet,real,rest,437,5.916429038259196,5.522256028756011,6.824974285632204,6.849219436591251,7.187320519021748,6.699133492213251,7.188657740854614,6.730405728253359,8.533599582468476,8.618495674763615,7.313534206852516,6.925173762095771,6.927010852080132,6.5071556796032075,7.276303477736657,6.907058706076376,6.81087801876918,6.945525115828051,7.026563080614594,7.112953801600385,6.690697243299104,6.825161204017039,6.807981301912034,6.965990542446455,6.787249603417277,6.882356639446665,7.060412067440241,7.173630974979511,6.417223641657718,6.50720694694264,7.114288664881474,7.13303729441237
2,9,8,real_bilateral_fists_feet,real,both_feet,436,5.827487331429562,5.739428808852015,7.63279965850831,7.162936472946514,7.012738415040869,6.825933681776568,7.052038226531402,6.805859324844284,8.585113440379848,8.570961312696998,7.1775965940627575,6.936766674953288,6.8699794731562935,6.526218884996837,7.161316809891613,6.885420169620872,7.263644281805776,6.968193953549189,7.405103174545085,7.1146999643353865,7.159337934761483,6.864668059441231,7.256250517887796,6.967903493358981,7.1978099173444345,6.931327592800594,7.461809066825192,7.181445285507088,6.828340119137125,6.622034079681217,7.428471766094189,7.157211350352673
2,9,9,real_bilateral_fists_feet,real,rest,436,5.775203002860413,5.9147258351597864,7.058585932279053,7.005081507663687,6.987865058853472,7.083500097811684,7.067776854979159,7.059274181854291,8.78519187826995,8.67396012470186,7.229474055979974,7.20455488550542,6.747908716487497,6.860911205274186,7.185704979325222,7.178769755291823,7.128598664963894,7.0123521804917655,7.2750187242579,7.1971561942632505,6.984525704447377,6.895562350689361,7.080172825727489,7.030624806451759,7.056693460215269,6.95580992120233,7.317794824848437,7.279381593459889,6.676085635718664,6.590699482777067,7.3096268589120035,7.2594872034531415
2,9,9,real_bilateral_fists_feet,real,both_fists,435,6.138069164558656,5.974456193101404,7.3414043482642795,7.388618348427953,7.399716287816876,7.1404029926671635,7.266080710366328,7.148673546642379,8.971727409823984,8.832969411421315,7.412527159929061,7.323350253389737,7.074851621103218,6.9316895821533935,7.388204478517127,7.308077315081363,7.475847124106423,7.226098232619185,7.4906151876524225,7.291378382709588,7.09245467242364,7.006237342073101,7.28218192802208,7.137316784764331,7.2318752868292435,7.100917458063041,7.5152962028003465,7.348908266968074,6.783907866311203,6.80849116763751,7.502965575891879,7.345749494555184
2,9,10,real_bilateral_fists_feet,real,rest,437,5.789315201323998,5.71599825937305,7.432027116261425,7.104559263615923,7.153490976238768,6.955429919706159,7.189034731430972,6.92970137310716,8.934756009990814,8.740831383508457,7.401287981292237,7.077781649173924,6.842196265294529,6.780230014822228,7.363897395738353,7.051808971012998,6.994400466367675,7.1079309100193875,7.132433309203271,7.277993127888564,6.939783764401307,6.957791257022845,7.006716851751419,7.1012126861514036,6.981814271006704,7.046206956246357,7.191768431185631,7.333921613518866,6.773686327360137,6.56905421302781,7.199365231008582,7.3253964925311035
2,9,10,real_bilateral_fists_feet,real,both_fists,436,6.078258102949629,5.9882935770644625,7.343478731023945,7.397335018861529,7.169378511307034,7.16490656614092,7.2054750241025305,7.115665183445606,8.974243297375075,8.814974850788065,7.3922573625432655,7.30981067706802,6.924678170919655,6.874804317443341,7.363156214160648,7.299045459547983,7.427456353188218,7.47575747082484,7.214944665844088,7.217520649479322,6.9458083570388975,6.994972669683488,7.037206835875033,7.086223132794872,7.005309915614429,6.970358396797244,7.309711827353466,7.270680924129333,6.747622485092844,6.772063424403735,7.294219157124785,7.274212245419074
2,9,11,real_bilateral_fists_feet,real,rest,437,6.054706761455403,5.63165199280919,7.15396062636052,7.028784143398977,7.155819143623907,6.927017913855217,7.202515483462085,6.90185454355028,8.816796480171691,8.757798249324823,7.371018355067892,7.078435642820278,6.933155427831077,6.696535709607294,7.342230457986948,7.050543864945823,6.998100884667925,7.031038960435736,7.189239829985018,7.194889954294334,6.879216698797956,6.909045807546441,7.0345320829633335,7.017166010077527,6.88760429869726,6.9905791973025515,7.29966065364071,7.232955466853911,6.630064031043419,6.604819507319365,7.287598565423125,7.230134190253519
2,9,11,real_bilateral_fists_feet,real,both_fists,435,6.609972421042594,6.2727726995294395,6.912173129220484,7.081316076888727,7.467766456645787,7.191641447954194,7.477793088909424,7.215497399989579,8.780208761347623,8.682034920349981,7.564132658986223,7.400969358677514,7.144617550442513,7.056268570658829,7.543103245070795,7.375680905234452,7.236992864976134,7.166090091637422,7.429115703214518,7.296419183582035,7.0983397829141275,7.041461613282736,7.261887877595191,7.121260714173129,7.1883718857539325,7.119540394354456,7.499571404359079,7.3734267937301485,6.620106055433082,6.805782572187282,7.463897936150983,7.395737234202219
2,9,12,real_bilateral_fists_feet,real,rest,434,5.9395712601967245,5.858363314154318,6.9359758085000385,6.950868413551946,7.049374220622238,7.042859683229105,7.108975122269749,7.038743982261184,8.880304656955838,8.634043292619642,7.269292037088363,7.22517381533805,6.779483449684672,6.821143733971646,7.204815301445161,7.194628209832821,7.133303747112762,6.884919279950464,7.322615304518774,7.041920805502397,7.034712805917329,6.7699885386222345,7.1498515771400895,6.872770470375436,7.070251994114283,6.830464039954588,7.369259839159203,7.108735891953528,6.710487528645223,6.539980681955876,7.322202549301215,7.119887100264018
2,9,12,real_bilateral_fists_feet,real,both_feet,437,5.9903326419452165,6.123966248755299,6.764536522710521,6.741779021293368,7.089881786122075,7.1300436602040405,7.06153113968504,7.137734835282939,8.68171033876865,8.669811219792843,7.260042648179577,7.292471439334159,6.83939469498249,6.925214124448981,7.240952882314103,7.268660660323666,7.031829366201393,7.0181982233830285,7.154902725935539,7.194542708011244,6.833191436682132,6.888404586435085,6.96577117553389,7.004388527323423,6.963144202830224,6.962526942691118,7.224314444983491,7.270525036292419,6.4841570445459755,6.506915592882814,7.226857237236612,7.248970167445871
2,9,13,real_bilateral_fists_feet,real,rest,437,5.846579930629206,6.032005383097624,6.841591789606203,6.817672860177835,7.085947549863023,7.106480993267185,7.108231988219749,7.108964386205453,8.77685591518402,8.716827461132539,7.255269911316545,7.279513895457649,6.835421371038651,6.880608421996485,7.233951768409388,7.248142800669491,7.056883963367569,6.975153716166402,7.255341852957468,7.159845117256125,6.929084255139463,6.850401912835719,7.0912131324744445,6.982781797279257,7.0103145248175025,6.913542909083844,7.325147529222031,7.227913497280977,6.580157939257055,6.577236111607177,7.306949453668098,7.2341022308229554
2,9,13,real_bilateral_fists_feet,real,both_feet,435,5.7374566467308155,5.8429286680612735,6.807993072573166,6.658290100847606,7.048527422883234,6.890519575304064,7.063298632393361,6.90100581583492,8.723641028832796,8.652597961304929,7.241565622955675,7.043183809930023,6.7791072226491265,6.631267363443123,7.194967226369485,7.026698418616317,6.974712179763427,6.910587784963781,7.127863040248663,7.060555387556551,6.8836603012337685,6.788608455231872,6.952698655079205,6.9138827233229225,6.953884113808149,6.845374012230472,7.2004400985349175,7.089235831680765,6.6465166580859005,6.576061386854798,7.2057994241124925,7.108102654379402
2,9,14,real_bilateral_fists_feet,real,rest,437,6.227084067642966,5.855104960274992,6.926831669895246,6.749652234476438,7.26109992092299,6.963547519840929,7.263738718043407,6.969593103346179,8.773662392312715,8.816484336440649,7.408674534526149,7.122398739461896,7.009379577086753,6.689438730334026,7.3639515736115095,7.096511967722541,7.007549321520514,7.119388415069927,7.197227606658391,7.2446551121772025,6.8347654543301415,6.972271640108981,6.9733324030506285,7.088817351697318,7.115602789310598,7.262236097729985,7.257750324638753,7.283409849841934,6.551640230071658,6.64394045070566,7.222498974992237,7.30711172429425
2,9,14,real_bilateral_fists_feet,real,both_feet,436,6.56112327306754,6.0408362493445535,6.533408077019271,6.3362733532172015,7.260615332661903,6.7812468849541805,7.303762709640776,6.824405739794845,8.693724736371898,8.589174480859178,7.42839221901958,6.890431707833657,7.064601161696536,6.63272971522573,7.407649217533383,6.871378905497912,7.238866304893496,7.160083134897615,7.365816953608441,7.272787411165817,7.144174089038315,7.031842424743323,7.242086195360346,7.134463197815061,7.143313392719668,7.119787403159983,7.437778852923031,7.327329112289641,6.795555655356879,6.8584272062782,7.3900832349860694,7.32137920324437
2,9,15,real_bilateral_fists_feet,real,rest,437,5.552483225940167,5.8604592322160265,5.077610751520583,5.038286010846748,6.420617165582791,6.687886904659967,6.578910546768874,6.745155845085386,8.451433390020151,8.212585221444053,6.741881101213712,6.865912626045208,6.3455369073708505,6.346660839063109,6.722970765519361,6.822839131321502,6.756578917105912,6.350077258925154,6.9129491015619315,6.600181800033707,6.645159052991587,6.271297680715917,6.818628094378923,6.470809719754643,6.699109626322277,6.303639586695112,6.973107869276166,6.653314990559916,6.231553740756901,6.15703149605927,6.973761986110207,6.598106689184529
2,9,15,real_bilateral_fists_feet,real,both_fists,430,6.196805858255435,6.034592029317447,7.149356680411273,6.992183528719496,7.295981227608754,7.088188855095842,7.295666096382517,7.052122919723943,8.916772936871384,8.915194544612948,7.471488542861104,7.232404037207635,7.093893104852633,6.85294088204844,7.471680775458906,7.2034866488362725,7.161926505005556,7.203842630620892,7.346072968224756,7.344347373445785,7.009065628959977,7.08349990553909,7.13529955143241,7.170200520816361,7.142362201031401,7.15889977106522,7.432236329990585,7.4045805561278,6.773218245162518,6.7374026763564245,7.4234043304534465,7.397344842892665
2,10,1,imagined_bilateral_fists_feet,imagined,rest,437,5.430480462061343,5.363696097595974,5.768261545634437,5.92644355046248,6.5766327703393435,6.316428918931005,6.58671236632668,6.462565533595565,8.46074437342468,8.425124306969588,6.713019796432467,6.633101463217013,6.25258290823972,6.111368714360945,6.6602698888206096,6.5962045438334505,6.369856814852291,6.344397323761874,6.57139065593191,6.535199216881762,6.208597599176161,6.207665889484277,6.408308878198453,6.356985877538103,6.407181118445866,6.291711064217422,6.674016774529692,6.63444529400643,6.0243207514349635,6.058044699030953,6.6942185735951725,6.5891616726340505
2,10,1,imagined_bilateral_fists_feet,imagined,both_feet,434,5.344190069271446,5.427639487468587,5.723820417193032,5.606477601711325,6.466461496667067,6.518542522517902,6.534376800697937,6.590877570222595,8.608658487047009,8.309953425691745,6.713072738473892,6.726510296477301,6.178506267345663,6.28266344598872,6.683490613985453,6.698375556697548,6.650444121189515,6.263735990432204,6.765467800374347,6.517109347041633,6.505215150419832,6.106437382038459,6.631447578115987,6.334550912789082,6.588278023650592,6.1916120911222565,6.794362401087382,6.597517673273704,6.177677722364526,5.89343652510474,6.8442827794583625,6.569332040047325
2,10,2,imagined_bilateral_fists_feet,imagined,rest,437,5.527467715316029,5.420613384320209,5.692647449717471,5.637769620663142,6.577723179921146,6.329077415023423,6.669010816512807,6.399612980575455,8.414295387912373,8.382768481205419,6.748553332475436,6.593059108116128,6.347426731299115,6.059129208323083,6.689776859392721,6.562283580446432,6.410551701705078,6.361376627377135,6.683185207697333,6.553251362237628,6.255851954979444,6.2141528056612465,6.5072085558896955,6.42281606113979,6.376913751808574,6.309281774962861,6.798069060759454,6.611804365079651,6.033752408781338,5.95789732046304,6.78622732301678,6.6040860108190484
2,10,2,imagined_bilateral_fists_feet,imagined,both_fists,435,5.302643462372851,5.39836142409744,5.451755312775382,5.530527560418866,6.298045720969461,6.420169194884107,6.352250861469335,6.526640649667434,8.467673831123141,8.386070512982139,6.4972788321609345,6.6837504560821515,6.087774699926718,6.119292197378199,6.48480071592792,6.635346340677517,6.475385498708713,6.377377436222591,6.675382242859815,6.538516900213871,6.284409211016833,6.235873915855306,6.485518724484278,6.377040042776172,6.379126154956966,6.331278044146966,6.763728484785545,6.594532959015746,6.01719415990326,6.002515219507501,6.715967159408641,6.601732616597536
2,10,3,imagined_bilateral_fists_feet,imagined,rest,437,5.5800439715950825,5.367018073307016,5.31570012587256,5.369996999272438,6.523064213929709,6.2727363060309145,6.643941338842411,6.367508886400783,8.357161322919644,8.416067363464233,6.7594032868766005,6.51274231902617,6.31680153940694,6.028314961492788,6.721600687671525,6.473138196679031,6.440753627099997,6.498187632821937,6.710879455999029,6.692648188367794,6.263396910744284,6.370723483262029,6.525042469598141,6.551546094606684,6.349949941764066,6.444225157256538,6.78476487006459,6.762896978982199,5.963347905400375,6.0437243325704975,6.769819716225271,6.71195282518874
2,10,3,imagined_bilateral_fists_feet,imagined,both_fists,432,5.44959172943046,5.435389740313058,5.459020396628126,5.4211224040888695,6.4896157765725935,6.386084249170721,6.578067205079434,6.47444087925978,8.485967557694039,8.350877480243685,6.762415706419926,6.629510055242724,6.253121815041967,6.168902491350547,6.703353434881868,6.594768916111143,6.4775058472160465,6.351800801873546,6.7539413679566636,6.543370951159506,6.34208347298525,6.1965208170973,6.556981216789513,6.392857194022157,6.441042985344254,6.3003854395149075,6.831233763848613,6.604842987056238,6.052941549780907,6.014558958267699,6.7406438528717825,6.6630051584070165
2,10,4,imagined_bilateral_fists_feet,imagined,rest,437,5.650809046358948,5.344520073186567,5.404694485840177,5.4457060122635035,6.533504671137282,6.348392889447179,6.628186113664675,6.427377146797431,8.42543488320352,8.417981029443409,6.720399051432152,6.646186946649025,6.351091716052168,6.070806795587817,6.724388573796426,6.577311050408637,6.457917696995778,6.4219776032334135,6.716470460932376,6.604867675489012,6.291204791428099,6.3209773342673685,6.547081553531926,6.495922875717937,6.403895551619795,6.351532974485859,6.799450282988107,6.6235007217500765,5.952696997055396,6.115400263125741,6.786015336415031,6.636610493193917
2,10,4,imagined_bilateral_fists_feet,imagined,both_fists,436,5.436066605159226,5.401539586044231,5.282327589724915,5.2944434730234535,6.330833371240063,6.378495148001203,6.437786242306455,6.398322491171834,8.412276383460418,8.32834675168219,6.627740862888006,6.539670610116022,6.134436755605262,6.108662562024834,6.556864570044003,6.508063509433554,6.417429702450551,6.352261633576224,6.591265249807668,6.572647387478292,6.2814601941766774,6.215470515883059,6.423649355449726,6.427518813356652,6.347635474694008,6.291027153840638,6.657272446601083,6.646677961329759,6.008957344516279,5.961896755335219,6.67042040006625,6.60735497080493
2,10,5,imagined_bilateral_fists_feet,imagined,rest,437,5.471564739657318,5.4517983522121565,5.302923362471706,5.319338932650381,6.393669818711746,6.389217229732707,6.517990031334913,6.437547149191967,8.470354831452088,8.361274438917768,6.675151957324259,6.570547669535733,6.172604130646204,6.059902759776329,6.638474127103739,6.538847229737286,6.4379645671652135,6.324033471106444,6.673737950923003,6.557892139910654,6.238233057209322,6.242326493775346,6.4694771104844255,6.406763216242269,6.392446162480273,6.236216323077317,6.763490400601365,6.578224071275315,5.970945978486427,6.050959377927481,6.7155222954217875,6.575513289089479
2,10,5,imagined_bilateral_fists_feet,imagined,both_feet,437,5.743252906265602,5.3431785853141145,5.310575045170546,5.215246620668934,6.566626395512183,6.254207534244528,6.6179533707609615,6.37533239439486,8.326803791130768,8.42751868870484,6.755105755780029,6.556352929724889,6.356879653692887,5.951962936318472,6.713527940839591,6.504839449656033,6.442691680795053,6.499316507653401,6.7173579102890795,6.652859936375042,6.3450764139734,6.3522098384464245,6.5520476988884,6.512285668965297,6.326015463090982,6.439183091214942,6.792914466775693,6.673187960703309,6.108699348005761,6.01271844393329,6.802471926364001,6.641571428127055
2,10,6,imagined_bilateral_fists_feet,imagined,rest,437,5.306916602558032,5.844837794195481,5.387383174180099,5.2408828753676335,6.417953365342655,6.477654723735559,6.513735450239601,6.585575520391758,8.494875351100351,8.341658536632774,6.674310140012146,6.711662823558369,6.103338647131337,6.229137221795491,6.622464155316613,6.662121652518984,6.482758338913526,6.42131423476711,6.67256350835361,6.630167265723482,6.3892497179565355,6.258136119525103,6.555287811155023,6.450960539080057,6.441511690737532,6.33674264291642,6.733177730455874,6.666823995010228,6.116965200235166,6.0199708408503705,6.69308604157443,6.647661139472414
2,10,6,imagined_bilateral_fists_feet,imagined,both_fists,435,5.623414537341119,5.514758230719066,5.129431715882413,5.212074118211465,6.441023611993592,6.394805519944218,6.5118141483735545,6.485552184005882,8.491378450263403,8.314882975881861,6.678400122258674,6.63480457800608,6.105991448914636,6.224645870423038,6.633300911881166,6.612024447834403,6.499094647046738,6.403911172819251,6.694279367338459,6.657902029349621,6.336187330640685,6.290380726030523,6.548248356112604,6.500875715005605,6.421951860089995,6.357639194956996,6.769568620002134,6.696979844762064,6.054785906065313,6.046307547213078,6.725513715492294,6.682906382850797
2,10,7,imagined_bilateral_fists_feet,imagined,rest,435,5.5133688434303565,5.460727319168758,5.205361890674225,5.109434818706884,6.462369674406967,6.376430675704927,6.473499817369069,6.473879277662633,8.476621041943945,8.326033942463779,6.640472000456482,6.626412349922125,6.112045995178116,6.133918578892121,6.6037182789156805,6.593856603753549,6.388190471118152,6.380838446454772,6.58637704606873,6.620832467350922,6.277641335896682,6.214243757812964,6.495195397733383,6.427228769658684,6.365427757757076,6.275868752504964,6.6608072455905525,6.66573838154589,6.099338664774039,5.99084104729294,6.658055274405923,6.654873335906893
2,10,7,imagined_bilateral_fists_feet,imagined,both_fists,436,5.652118289710391,5.596591856813681,5.330017620917311,5.051273418299889,6.501582416703193,6.388412186846192,6.623221549216816,6.444728166413921,8.47329627309227,8.29433390802043,6.81675191416795,6.5651326145786255,6.306413235476454,6.089798896137222,6.800434330589134,6.528547764026027,6.52056770153757,6.3358471274098775,6.6298747934396305,6.601445535000251,6.39046918605363,6.174355851061409,6.494525028382341,6.420076169351515,6.4850796224327745,6.270371302954074,6.6793254801541515,6.639711303800337,6.13603613282472,6.004296285649629,6.684323154660237,6.617788705305816
2,10,8,imagined_bilateral_fists_feet,imagined,rest,437,5.452495432490943,5.479784380054972,4.802857710660723,5.337225298959705,6.357277541441649,6.331638119959436,6.413756062626068,6.459584330853679,8.42522166955747,8.328769736655701,6.575958642939583,6.599065132365633,6.094167624140875,6.125373780529123,6.571282499109344,6.550597734987844,6.432688104745713,6.345945934501832,6.669828229852555,6.5756311425772225,6.236168748896095,6.255581132958431,6.455649779924828,6.433529730375044,6.395106054487139,6.2877882838940975,6.731442386067258,6.623861764120698,5.892874132173514,6.057681185936771,6.729127680196536,6.5954425779737464
2,10,8,imagined_bilateral_fists_feet,imagined,both_fists,431,5.403729284512951,5.5829090811640025,5.099201919777162,5.168145217946482,6.424605169195086,6.259739016403022,6.470948421189142,6.385664778508884,8.284545610692446,8.373457101943181,6.64838476837867,6.537467713383348,6.143981690879164,6.026955553839285,6.6443010206156465,6.499175782024886,6.231737326077655,6.344752375114124,6.409186518629585,6.593551550558714,6.05979659116366,6.229284993549694,6.262187287882081,6.433531881894618,6.131858436528198,6.3122998088173095,6.479593886810746,6.6471818349743375,5.775356240344174,6.058888230205479,6.446354322373342,6.632680512158041
2,10,9,imagined_bilateral_fists_feet,imagined,rest,437,5.767621274968162,5.49657058029914,4.990295055209305,5.123241929979826,6.595071751811921,6.375296170799033,6.658141544863239,6.469820193449312,8.29987680864147,8.354130802065525,6.786225487581969,6.623762175336458,6.334393054863305,6.109449268806096,6.756044315850658,6.598176339060031,6.3292513450819525,6.359149673242366,6.622008356512468,6.5327752793308225,6.164188626802231,6.2004376161501895,6.399969323066531,6.37274795962825,6.217844894310519,6.3031007439697255,6.66716555070428,6.583412930933824,5.873269323385451,6.001088349704664,6.638935325979687,6.56788796066805
2,10,9,imagined_bilateral_fists_feet,imagined,both_fists,434,5.732154131619482,5.6722023297897355,4.880025398786565,5.237850572843985,6.570101999155686,6.320696332151114,6.662276507802181,6.448960399176041,8.340838950858402,8.377847879503577,6.802610043721217,6.597874876276843,6.3101416957556085,6.088046085045854,6.7856464885705945,6.558718287127371,6.279161202329908,6.394427092761757,6.5805581262648785,6.581281347483715,6.076820104857136,6.272358572999122,6.380253683040536,6.440747094969259,6.183574494627905,6.268163641603242,6.681005727500408,6.607870858541128,5.987748828895196,5.947177451051748,6.590680757582991,6.605566999443429
2,10,10,imagined_bilateral_fists_feet,imagined,rest,436,5.988365205846222,5.890385059835347,5.5023801227629985,5.0643994336487195,6.661446483619724,6.508483387465139,6.7531224204033355,6.578844535446371,8.543447991691583,8.266287791321856,6.879681615875819,6.694880114865007,6.382043664609115,6.314897939604288,6.835902853263434,6.648944588662394,6.465593187979499,6.543343288535054,6.761404567629688,6.729188154475435,6.341303636488719,6.387481289683518,6.596889371018136,6.561159741077059,6.426510356996945,6.470396275461384,6.825693298862788,6.756831426352214,6.130209070174675,6.028912852440843,6.7874340437776945,6.783935309258076
2,10,10,imagined_bilateral_fists_feet,imagined,both_feet,436,5.621233875212437,5.582919945744049,5.128082446613173,5.053794953873477,6.433817638410275,6.402009044621616,6.486177030122745,6.524996688030745,8.443053531961917,8.341487149505804,6.628047764674924,6.682455035629633,6.1904868560686666,6.064746880442764,6.596829367197809,6.640594219577463,6.504716124151448,6.199911633687187,6.736371483585904,6.400321887879034,6.337740256772434,6.114159918310834,6.5925239386471235,6.262891469065935,6.390088133482785,6.1564947480488295,6.784211221258371,6.4601527096729505,6.00571338319899,6.038209517415731,6.779395433276203,6.431458062560727
2,10,11,imagined_bilateral_fists_feet,imagined,rest,437,5.7176078937457,5.552238084632418,4.993831372952027,4.891160431577122,6.522322812483407,6.302740816551805,6.600955806192804,6.378134331808055,8.346859298699128,8.33022156781834,6.790661616657623,6.522932215866467,6.153864232441404,6.001863968916261,6.762187881581388,6.486318395582209,6.219398622810865,6.290779972429913,6.410552744529487,6.5481760665206,6.084774171238301,6.164069307604719,6.242121547773277,6.390124796121909,6.1184985311219116,6.228999717388924,6.439137227752856,6.609274247761466,6.0469844704533795,5.884048395648174,6.422693639028889,6.5963649949173
2,10,11,imagined_bilateral_fists_feet,imagined,both_feet,435,5.61294173203502,5.533868892903942,4.859962798374257,5.42560886312854,6.492107117759846,6.240374511703705,6.58869805513885,6.319602688693668,8.316018715951895,8.447701851871406,6.6762028803940305,6.5089910086576275,6.129393987832688,6.009693631475151,6.634897843033905,6.470561918221654,6.2628189792658855,6.503323384539882,6.50701696141424,6.701055972004584,6.033215279987077,6.4184551413590665,6.2987696573410075,6.6127298192636355,6.190402660162018,6.426245703583907,6.572319218236711,6.74612133861717,5.8544173855609,6.120235167994027,6.523503121644719,6.734030259045417
2,10,12,imagined_bilateral_fists_feet,imagined,rest,437,5.3586666240599685,5.604798396016573,5.13225505642815,5.111951634319916,6.335076478103972,6.301810810578164,6.3966498475765,6.430763287921283,8.51909898858692,8.35800334390955,6.617249064151019,6.560056730087844,6.174026112072252,6.0383970708999355,6.595490880229632,6.519016677822499,6.349373740127109,6.291875161011571,6.629787961319248,6.566020358089535,6.262253349256142,6.14257522521302,6.463828068861258,6.377490171419194,6.33345963665717,6.189881474160398,6.713342545602684,6.609218848771203,6.205625654480157,5.897746760253281,6.751875556101606,6.548939985193439
2,10,12,imagined_bilateral_fists_feet,imagined,both_feet,435,5.53469023295347,5.483235102520867,5.213894510966718,4.937961463037049,6.460891676725005,6.268491883681219,6.569046548966242,6.377202130306577,8.50093872024934,8.317203928504942,6.707304218570289,6.552371406113011,6.060377152506772,6.073892558872771,6.6712475461789715,6.517281978000126,6.368088251049329,6.295731969320334,6.595293207558268,6.513686907216698,6.2378135801862715,6.1686477111510705,6.468379921184637,6.366864937388315,6.331758422845727,6.1859987722721685,6.6522403809467825,6.563443506959633,6.029220674798507,5.9107045508631435,6.6113252123885635,6.560543493432592
2,10,13,imagined_bilateral_fists_feet,imagined,rest,437,5.697372371651699,5.521352352049325,5.311148582266863,5.39145260373626,6.327269118438375,6.309001592179953,6.378283308953528,6.3913865724338255,8.462336588466254,8.38527898004913,6.564945186281443,6.5336900781013565,6.048295651913219,6.062648278000756,6.530544305259278,6.501127958265735,6.377995706921853,6.441519080727742,6.667174229291725,6.580884293028813,6.227418087393395,6.280272934949885,6.470115421915952,6.412376175057595,6.24397605645784,6.307503399757464,6.699910595917345,6.582265281498755,6.008263339729929,6.0147480447949855,6.654681657308959,6.581460200285766
2,10,13,imagined_bilateral_fists_feet,imagined,both_fists,437,5.71897949114298,5.471397216574756,4.9497788687994975,4.877101231497181,6.430257146215219,6.311960233318452,6.553537000219137,6.382109666699524,8.48291901089322,8.344911640012555,6.703851781457909,6.507110506321956,6.120830991548099,6.083833445911008,6.664315478486476,6.4748183876363,6.334032789968221,6.2930457538050115,6.535340368097525,6.57970578847171,6.218869564580052,6.131686786958549,6.407349151997918,6.4136066080484655,6.300176480234008,6.2269655852464085,6.618589481059309,6.654890133792403,5.99445724880139,5.795750300166856,6.587119660872652,6.6358520694626515
2,10,14,imagined_bilateral_fists_feet,imagined,rest,437,5.5028855274610695,5.551583763925386,5.226781095771843,4.88625680758316,6.2898311506320495,6.315001182174071,6.3738065216811535,6.392689702641509,8.513282516737313,8.21987459719248,6.5680783530490485,6.52948316458135,5.978617242306437,6.0871229158094184,6.515812094708532,6.50656169927261,6.465025835221714,6.266361914041831,6.643255904356136,6.51399034657236,6.347018057156206,6.125819100278363,6.521344272038547,6.358881638792411,6.37886735339703,6.16490531510995,6.656402568672846,6.55487675990629,6.056285731632519,5.822207466239271,6.626624865738958,6.548270837363533
2,10,14,imagined_bilateral_fists_feet,imagined,both_feet,436,5.643680372946902,5.653314672011124,5.200990700217726,4.645397895754811,6.415014730839898,6.367510238648476,6.520129469814068,6.467775866948887,8.540578256333987,8.288019950116153,6.626203565693219,6.651418124148148,6.149017789407726,6.0902921655984885,6.5723560574113025,6.615063570062652,6.548408184646,6.11795058307294,6.756286708157194,6.379318490525992,6.424286629703309,5.965752898787161,6.594187797579222,6.194430974611516,6.4653736601820375,6.0329227867859725,6.779364057599828,6.450607218427541,6.087932338208448,5.848253556601306,6.775864285769105,6.428762533113239
2,10,15,imagined_bilateral_fists_feet,imagined,rest,433,5.75794202300966,5.516273276659925,5.0574650137798365,5.031855163279499,6.559688043208984,6.25294855239504,6.623862463966316,6.368457510748119,8.401566889571814,8.413646223437462,6.7282718131563035,6.547520209935442,6.203645423910617,6.043235518992367,6.694467134372543,6.519239831941953,6.327184464160028,6.324844309514002,6.569859008995532,6.570452572557816,6.173737829626902,6.177671407469125,6.374762038322369,6.396748068168059,6.224169047765095,6.246548386230627,6.589514274316713,6.625921728229554,5.969688190895561,5.90753232266242,6.593773430058863,6.573275179060976
2,10,15,imagined_bilateral_fists_feet,imagined,both_feet,437,5.51134829464189,5.418862623259144,5.045772623091882,4.9052810107181,6.249750757644847,6.244842805347373,6.325901776620418,6.32587498931178,8.458040694031096,8.384747721711834,6.4360999729051365,6.515320399130213,5.9933645929590496,6.026505736617886,6.387018984542356,6.500214618727832,6.410235008911751,6.350048978049729,6.695932443203161,6.512203331589517,6.250422164385381,6.202928396691217,6.544351402994713,6.341225053880092,6.3648187519450765,6.290152146076015,6.747841330113955,6.529132180452167,6.043579137635619,5.922458469543916,6.722227944343026,6.546654020643273
3,1,0,baseline_eyes_open,eyes_open,rest,437,7.284239680739345,7.313098302974496,9.414821427717289,9.356768849304693,8.726646300185804,8.67523074262091,8.690773735800422,8.637608528285726,8.621290652690645,8.579927209091963,8.683914838490484,8.630121305800944,8.53745191119728,8.481451004375456,8.723042069265876,8.663605995392174,8.627519011010271,8.567230719515411,8.6992514476822,8.61155610085275,8.70893085024056,8.615666480042997,8.696987025113708,8.590686236135083,8.62278231090143,8.56844738398429,8.703547458530618,8.635450221647346,8.490244468541654,8.421800528437524,8.710745558004485,8.628381388346268
3,2,0,baseline_eyes_closed,eyes_closed,rest,437,7.049881121811703,7.136318332530063,9.189155439819814,8.975186602092036,8.411358551302481,8.28141953454295,8.376737449851548,8.26048577200496,8.229446934084653,8.188482282333334,8.292904010550087,8.250834647130803,8.105769908854974,8.134489602060887,8.372574408089285,8.305515580603434,8.234406350305223,8.247656700582112,8.302070114991283,8.328738023322956,8.299312772507287,8.341773840318018,8.293455650963654,8.333219651278648,8.214350435942622,8.25554560469646,8.324594253333213,8.383826612954804,8.084535395238886,8.037110059911036,8.287672670777313,8.380553806537543
3,11,1,real_unilateral_fists,real,rest,437,7.039778277132552,6.3456700857787345,8.985128115361668,8.771920079692961,8.116302990356036,7.78824307048946,8.088160557662857,7.729587604719719,8.035236173244181,7.522524043856618,8.023197865783464,7.710116363516464,7.877419154325002,7.526905546233041,8.07991150523524,7.826164431411059,7.918422747804267,7.927302985861481,8.103047070276869,7.997074121795921,8.068850925473665,7.996640942989686,8.0784126737983,8.004301650998514,7.915017386109429,7.9205838581453785,8.132884273173687,8.013849985744006,7.590683601022551,7.771147896987548,8.034952143316863,8.023689746772849
3,11,1,real_unilateral_fists,real,left_fist,437,6.648936695873124,6.455107786519911,9.332643392347386,9.139031491973636,8.112704022477173,7.9084561330280945,8.025864253806166,7.904824927715351,8.010509286299277,7.8357832085425,8.072152154061513,7.81911582111505,7.901847337633648,7.602166520842524,8.154846475309173,7.897307167472888,8.148825572561822,8.252298831105872,8.166595163046159,8.07478562435415,7.7893014871903645,7.863574222496144,7.748584827063398,7.830736314669646,7.623451987585403,7.7548725971508965,7.8402132550282815,8.017018189140348,7.536888731108237,7.582249881125946,7.8511313244757766,7.91434108311028
3,11,2,real_unilateral_fists,real,rest,437,6.336365937504173,6.4604636515699,9.379767384926696,9.175872434396094,8.030835308595162,7.92211959265725,7.948763473613516,7.88107456406997,7.707553547971299,7.7515731134685675,7.925946409654115,7.854023938772539,7.6768826254683225,7.680790451636624,8.047662475253228,7.910208300768954,7.918843626082632,7.773950596634916,8.005912294365052,7.922951702353087,7.9811175718910174,7.884926117793358,7.992819952932542,7.896710458992611,7.9346617558051165,7.756290342966676,8.046960276763627,7.9343602958530886,7.796492106759623,7.519198192421035,8.026646239402215,7.918928813590981
3,11,2,real_unilateral_fists,real,right_fist,436,6.426832605663175,6.536183283766476,9.445184505257794,9.311391858802555,8.090085735884509,7.991164305240347,8.022222155092972,7.930456514796431,7.794854637042801,7.844004263603658,7.938317325238423,7.931850628815154,7.725376497492408,7.813783326462102,8.076426068427077,8.004053756120609,7.950866493725479,7.920989949830281,8.046323285602059,8.064579059831745,8.030366429081942,8.039568984890952,8.033956639806798,8.039331469299166,7.9623493950020405,7.910738264452952,8.063657470491316,8.106455292886423,7.813645736963515,7.674955147790131,8.064743461023763,8.083578399547802
3,11,3,real_unilateral_fists,real,rest,436,6.405724435638249,6.432667066327422,9.117539143839236,9.100795839074722,7.871983761169653,7.936163162727156,7.835323744547411,7.880791170059984,7.66767942654684,7.691578411456189,7.798822907202116,7.860739557201996,7.575289788091059,7.638362369463937,7.8856144583477406,7.931918090921575,7.835481914210545,7.645616842830512,7.9309090094234245,7.7943937622816915,7.928500773457408,7.750185146946315,7.9319930463342425,7.762999948240517,7.818620781416899,7.635264458280755,7.95266443576272,7.839745358120456,7.595341339695565,7.433532401198827,7.959381921843657,7.79475583180485
3,11,3,real_unilateral_fists,real,right_fist,437,6.677716082603841,6.462026607778329,9.39205234639746,9.240756597096349,8.135481007346437,7.9460274298486,8.100200640627822,7.899977549177382,7.882937992931392,7.790870996748384,8.068664717556466,7.853247537147313,7.85069412222381,7.722748337615658,8.144207716757958,7.950799897920372,7.957539506168568,7.88764961625566,8.081788938623998,8.026949466008036,8.050450351741159,7.999813782283732,8.061101735471976,8.0043321216581,7.979513245852899,7.884120531389043,8.14353705884494,8.075953743322376,7.801874103547013,7.6266286534779475,8.131173484297062,8.048905737589685
3,11,4,real_unilateral_fists,real,rest,437,6.512572071151034,6.386175915313738,9.243231278496474,8.996651465306442,8.0216278698126,7.778055005587198,8.025585310886957,7.697951323231525,7.781623756193499,7.6023355911057005,7.9622267285872645,7.712189633532838,7.70325140863305,7.5830894798376525,8.04387711362747,7.79085040089822,7.770875297155385,7.772493735854637,7.853140658713277,7.939852493947588,7.848824608896646,7.898450884466025,7.841353977892192,7.92430525311557,7.759702881132963,7.75782488471727,7.865805074763273,7.9851119394428425,7.571569391223494,7.53458368426748,7.862198584800443,7.949531542757526
3,11,4,real_unilateral_fists,real,left_fist,431,6.429604827603922,6.443987085598964,9.197263336337077,9.028572864048174,7.919003372661552,7.8766515414685445,7.866897570626693,7.821339102925461,7.6465510110500565,7.659013628543488,7.876598197618147,7.772226438698186,7.629604992220458,7.601385093374581,7.968986301122022,7.857474888331368,7.842503494048026,7.752332895534808,7.911399813732585,7.893761530175031,7.903846182048488,7.854396829891303,7.895158458644002,7.870066703946225,7.804503731600624,7.728642709988843,7.950792003609342,7.927220609859742,7.590415782477339,7.516651503552518,7.9274689848199555,7.902754375670498
3,11,5,real_unilateral_fists,real,rest,437,6.554092211665819,6.402374080746969,9.11560931041914,8.940549389878067,7.893145451680357,7.8222959307463205,7.859437538097746,7.776533849931169,7.661733798624505,7.588366388893034,7.841863728613594,7.713910009779866,7.599390787754502,7.503061517947635,7.923228091797509,7.809958399361256,7.814985653461476,7.717496369403588,7.937793845855887,7.85779379095231,7.912217531435492,7.807691833936232,7.9183812596752645,7.827343680673943,7.7901164823869244,7.699507611706902,7.961582544190624,7.875601538339208,7.597225601532795,7.4884686606420034,7.936689542772247,7.851432976088738
3,11,5,real_unilateral_fists,real,right_fist,436,6.536202925680177,6.451118102562705,9.316727640869921,9.219856474956954,7.9534023187108716,7.93339297461918,7.8820897271006185,7.885418952959872,7.7452506608780896,7.696441275249263,7.846114249336143,7.829786199569433,7.7246078922424175,7.610966512601465,7.929861239867675,7.928443884774897,7.9280434002185,7.728960169731143,8.063178822631503,7.882205576633518,8.067772624609344,7.848551209755156,8.044982616563114,7.856234895561469,7.901311194350279,7.715998093029286,8.089695450436375,7.903138765035449,7.695124147128772,7.519833677818603,8.04644083960606,7.907268524967721
3,11,6,real_unilateral_fists,real,rest,436,6.119614586021422,6.3515698171179045,9.109654676052031,9.006377927791242,7.793012274155994,7.809253917511749,7.7617278148408335,7.731642228885745,7.486891920320354,7.595330858796067,7.7197922505406655,7.714204023620695,7.381127422858103,7.551983658429548,7.827125546759212,7.802014535736973,7.726794847419974,7.611258419216816,7.85260288768847,7.776065144966139,7.813682472308596,7.733274243301287,7.830843400442223,7.746982832311626,7.697450765356011,7.595550960936581,7.849238085090339,7.823795614086433,7.560690512613471,7.363060270618097,7.834252509355339,7.792482492722277
3,11,6,real_unilateral_fists,real,left_fist,437,6.286027813415025,6.530626012440078,8.942552343873093,9.048808490998882,7.670699360154298,7.90100951248341,7.584796073035597,7.9080850841016606,7.832712360390834,8.005051157036656,7.622179521130584,7.821429236426552,7.524303602019768,7.532397455711506,7.712938223966965,7.8891720396442375,7.755349739358514,7.58357766626337,7.956109751313814,7.720073232038902,7.899060939022671,7.684608819205931,7.9652576461255915,7.685401434107937,7.7964352470689855,7.577852207498221,7.991408973111624,7.742891157607266,7.547697368655746,7.364516238037661,7.975598072319725,7.705653720667016
3,11,7,real_unilateral_fists,real,rest,437,6.739329440611251,7.042070542624069,9.773288209681274,9.922273059354108,7.9379907940548895,8.089498081428005,7.889226671027952,8.0109712182827,7.618530496407688,7.926984695123456,7.8801588892333765,8.014304019607833,7.7046228385986915,7.8993646611858335,7.952883432944286,8.093134505510525,8.103661403085466,8.083953599223074,8.18480636604429,8.133758076984792,8.180185323179684,8.127575316101193,8.16755210160799,8.134094838579339,8.081243236264276,7.995824001376375,8.182658749069551,8.173120098024572,7.896892929665847,7.804275092000545,8.169296142451914,8.151076610792096
3,11,7,real_unilateral_fists,real,left_fist,431,6.258968288633938,6.493588381933141,9.077735244751482,8.99208827278002,7.801704464670482,7.90672973737246,7.726765924232422,7.836094290883203,7.5010352657714945,7.6806502712193385,7.696481935047429,7.803225057055135,7.455285858274474,7.5940096120905025,7.798017670386778,7.8860331592042,7.807710813772823,7.7353897460805845,7.896926165714988,7.861071496600693,7.860007393197984,7.838020589239524,7.86453378902274,7.8428493088963025,7.741873407096989,7.674489827016336,7.912677329997989,7.9057355916693846,7.568184002516555,7.46815890461166,7.8827055707770946,7.880196042021848
3,11,8,real_unilateral_fists,real,rest,437,6.514277912264904,6.287301259570306,9.104411519488437,8.890856149693214,7.973532538803749,7.691666661186713,7.922659653088522,7.6374492041327935,7.730481486951507,7.461287317830944,7.87034212351472,7.638147911076823,7.639277153763577,7.42393141720796,7.942857893796613,7.721043183354151,7.6651541018357285,7.682773345487964,7.778249374850203,7.874041923863357,7.762155900520569,7.792094742070676,7.764362691527645,7.813489477818201,7.6445888595493106,7.630619143102833,7.831311262125709,7.867865959390198,7.431315530870064,7.415118815274665,7.831202080851131,7.822133575575665
3,11,8,real_unilateral_fists,real,right_fist,436,6.473662485860154,6.514951334245454,9.223229295540019,9.244910422768248,7.9588323416762305,7.886726931901838,7.88854670164907,7.8218889879560765,7.732749678558633,7.648159631268125,7.866293636413672,7.790079564450734,7.683577142689216,7.576617865000404,7.98106291205327,7.887295183936583,7.978364614667838,7.71736451696374,8.082804304259424,7.889444695642453,8.076187377312342,7.82971674040831,8.066041451245713,7.840947929095625,7.928590167901668,7.652714387729099,8.106540219515919,7.879206761825361,7.677049805050484,7.460064741615623,8.089005295476046,7.85735852330855
3,11,9,real_unilateral_fists,real,rest,435,6.5087386591517165,6.278495612160621,9.123668757823788,8.870484030038945,7.930732888205967,7.6145436640194255,7.855998111811577,7.574238274861147,7.707664867100068,7.391760186862677,7.824021398386141,7.5375049200338005,7.6581557384357914,7.316232910110411,7.913061163675408,7.631468935789874,7.666575093893807,7.695030506127697,7.76426924526867,7.8427310751223045,7.77859273765164,7.808586630073398,7.778156886959428,7.833385741002056,7.630404505589837,7.661222385409168,7.833691217109904,7.874743394207564,7.36782020986697,7.469095405300794,7.811533180331795,7.8535628436453315
3,11,9,real_unilateral_fists,real,left_fist,437,6.5263449374297675,6.278685696748884,9.120583127503682,8.854064095029194,7.904121730249492,7.649067263919177,7.866660526623657,7.594771362219827,7.664160851951453,7.424845433135621,7.854916658956874,7.551936693770816,7.618624284402901,7.324819801108531,7.939111099919865,7.651124647247019,7.654996816470794,7.623817406348439,7.7815439573301814,7.805591183819851,7.755892760497873,7.727834520675588,7.756527745071932,7.751906760321226,7.616691935383049,7.5859386262463175,7.816055546514257,7.801866111272771,7.402084922660145,7.379997538332414,7.778415741853601,7.782031850009484
3,11,10,real_unilateral_fists,real,rest,435,6.397683142422787,6.412871721692626,8.97612491208941,8.894554055270946,7.734866312049161,7.7440544030688185,7.67669970847866,7.707077200933398,7.482223635821603,7.518526291357433,7.651071793736347,7.675861599003475,7.412200989817835,7.4438617916395655,7.7594521329580255,7.748406979767339,7.667730648577165,7.527310557842983,7.812918998677928,7.692260872380084,7.770341055295473,7.643618074636285,7.7880162106421595,7.661692797312589,7.5987736554707075,7.46356330331407,7.812621806346228,7.696232627277866,7.392231216324792,7.215455310730529,7.807951486511717,7.6578988210259915
3,11,10,real_unilateral_fists,real,right_fist,435,6.588143593696147,6.525890690691734,9.250582705889151,9.073109387847248,8.021046844117015,7.836040671019264,7.937456803869811,7.7977110041801545,7.618077060956872,7.616218710346317,7.902042896040251,7.723921065098895,7.612555386608272,7.512587087170621,8.022747698059025,7.826840706874551,7.6563309102841774,7.63225579069849,7.710281223295003,7.754987772831399,7.730299259721791,7.751947677910347,7.725595284559287,7.757794558717311,7.641986838825698,7.595023011587587,7.771614289541595,7.830480597032838,7.469185015132842,7.355470596794901,7.777075163629317,7.781880338464571
3,11,11,real_unilateral_fists,real,rest,436,6.303511571489419,6.203271714851513,8.89007230779523,8.929836635023591,7.6146364427255335,7.666888660086733,7.558692626776357,7.620363506955127,7.460743066763755,7.4159500623993315,7.567867097964668,7.608919122784282,7.412606334383986,7.342407694256363,7.650893041108184,7.690873464436368,7.718898929113295,7.399568310997874,7.940875612655333,7.553270306231663,7.844598094812891,7.5114774206453525,7.879391962115969,7.523500842601786,7.6708171344608145,7.375798684545166,7.932344711198273,7.586178862540527,7.433581646250362,7.158336408269569,7.9004620886744945,7.566798771132125
3,11,11,real_unilateral_fists,real,left_fist,437,6.426592819436508,6.29898097459962,9.020118819264566,8.922735707031933,7.7146021529526205,7.716057642080458,7.630696308909933,7.660571503389487,7.4837165635141085,7.468836729705711,7.642311581517547,7.621161539359557,7.453370492214315,7.350592359290323,7.74393475264643,7.70614053286799,7.70319684306414,7.5239501881794455,7.838758915952238,7.655441851750964,7.8230484449330415,7.625603604344981,7.861545744649024,7.644371258784534,7.644710718057904,7.50444309842619,7.891556078586567,7.722663649951772,7.406838964493784,7.277712178201149,7.8496122357901665,7.6953754296815156
3,11,12,real_unilateral_fists,real,rest,432,6.342681475873213,6.217602846212308,8.982713889137662,8.853624028860732,7.739138340213965,7.60140173468248,7.715785261437178,7.542807226545062,7.505020382471035,7.392926272869963,7.680620880593428,7.548510043197584,7.417131470870413,7.3433989441025,7.770152651956576,7.622730711590441,7.499621836403704,7.485609721606802,7.658961912823117,7.657798359237156,7.611800206979272,7.615031294613798,7.6298094775235965,7.628026071658864,7.463892804511191,7.4504588879433795,7.685775247352447,7.709997204895739,7.23108484720374,7.202318953557907,7.666742805287681,7.6741908404225985
3,11,12,real_unilateral_fists,real,right_fist,437,6.402359095743235,6.261381037681193,9.186204354348954,9.22042858799495,7.795601766348658,7.817023904547058,7.695889785591775,7.742034861222391,7.670095594216252,7.4480305006307095,7.708050449491439,7.678624472670827,7.655492634916242,7.3773826740053545,7.818314233099893,7.803600545269887,7.842025901121172,7.547180551251021,7.989669293912803,7.6788404721266685,7.975146130721318,7.636755509192205,7.998775913303064,7.63844174139918,7.820831017361807,7.519931998748424,8.058965360987614,7.6864855547439355,7.6114192461287145,7.335204161604313,8.068879533571492,7.661422695195861
3,11,13,real_unilateral_fists,real,rest,435,5.854635775095029,5.945153332783601,7.5807992481957145,7.373218427208985,7.136138965442408,7.073821065945192,7.1195875140254286,7.071326605622561,6.894444036518149,6.945814028468043,7.088436166864657,7.0864368539662035,6.838788938261661,6.863481648596592,7.152419702181362,7.097849714391694,7.139059224982402,7.022047133446764,7.2930538395932745,7.2139096814593335,7.220147455385947,7.1637811347527744,7.270021432497904,7.20364543047444,7.099787633178623,6.955461742342199,7.302128340914034,7.275245549098155,6.9221032367025,6.660444337137795,7.269617782477033,7.246697043125802
3,11,13,real_unilateral_fists,real,left_fist,437,5.9670573714639445,6.177756430385122,7.169334640153215,7.16741140871265,7.12217247527807,7.093793982515004,7.119877210529415,7.092858541750322,6.802274110594926,6.8885615981779695,7.06198863532755,7.108858096585607,6.555330561694928,6.823014155440237,7.107778338645468,7.1450489792196015,7.116427301811977,6.81546113463116,7.248858335673499,6.960565723451215,7.188044422554208,6.922741967653889,7.226209870428785,6.946653761967034,7.0474598084263125,6.73597949950732,7.232905534406858,7.008772584486762,6.8196318174441535,6.452262458891179,7.199632797957792,6.968137311331497
3,11,14,real_unilateral_fists,real,rest,436,5.942268275847794,5.808641008001739,7.280490805606468,7.162525759178302,7.141953520221244,7.015378409737105,7.131716549542309,6.996504816462023,6.951682087589746,6.7423569392488885,7.148353473745243,6.97741931893635,6.847029698806316,6.667563494497237,7.185441020475544,7.036268176317315,7.021497333848381,6.902714818882338,7.211421409603243,7.113655105667747,7.142697840232659,7.009984986810045,7.187589655001245,7.039655228414632,6.9466764230955835,6.845921533963179,7.258427177493908,7.079551258486486,6.697956052621889,6.637557267167548,7.238916192892719,7.057069309583053
3,11,14,real_unilateral_fists,real,right_fist,435,5.989267685210665,5.900103068063102,7.940029803157068,7.885381411007536,7.205465674656408,7.203165457377487,7.265658367726809,7.132768269125208,7.095494179834472,6.89706343157575,7.25039339399099,7.178052487844743,6.928366661002761,6.754438021517746,7.262927408742612,7.2564632272553276,7.079371762801781,7.099776469721272,7.437738956106008,7.2335131878463885,7.284347351037175,7.205662599055073,7.246172005285435,7.269223587569729,7.052132069492886,7.087222874192139,7.4233172879774685,7.2497726871051755,6.785808211880738,6.889845360809769,7.350850412568361,7.2312893329958525
3,11,15,real_unilateral_fists,real,rest,437,6.170783646330735,6.170228357403911,8.822339281861344,8.850742688151723,7.588570058308054,7.561141820912429,7.52027798891024,7.5200580608545575,7.302283490776712,7.341111915894402,7.482804445863086,7.522739193169353,7.234009592916387,7.299829805811648,7.595553663859423,7.614434678828024,7.533368135200406,7.480731798169553,7.675398188360273,7.5899546306084344,7.658393396839185,7.578796866984974,7.663778255901931,7.592809072422405,7.500936473268942,7.420660458224619,7.72748053216463,7.663333492688994,7.302253887812285,7.154460232974958,7.711767520397627,7.636924803562582
3,11,15,real_unilateral_fists,real,left_fist,436,6.4172050739472,6.0920445975095605,8.939951717246672,8.79947485670044,7.697811854822682,7.5492765942499025,7.6495005451093405,7.481725140362082,7.408794098577104,7.193591202622677,7.597133128962258,7.453901923430073,7.391939884774134,7.137180414770544,7.710959559956034,7.5523889163700435,7.539615170117772,7.451664419519973,7.662477917705479,7.544759398149073,7.674886857031054,7.526022272724714,7.694714613921167,7.544638123557158,7.506569548801368,7.384676689939287,7.720553138331405,7.61581980682256,7.277328954150479,7.205363977947258,7.718698053630461,7.595741089950751
3,12,1,imagined_unilateral_fists,imagined,rest,434,6.706992891267372,6.599917975565729,9.624002949392748,9.387947575676858,7.9166680272890355,7.624209523572341,7.865197040123066,7.571757232802791,7.892791800530252,7.438561612821411,7.796550412350539,7.574525689232251,7.586933781183154,7.390274294452348,7.885283291139147,7.648343707323512,7.658346846713406,7.7049205959155085,7.834579749269974,7.830032257815331,7.794109574913647,7.796859070194633,7.798937699159163,7.817955990270447,7.589132471069127,7.660079762825966,7.841617454271998,7.850412435719398,7.4005499035359685,7.495817666748647,7.819938437662059,7.8299791238310785
3,12,1,imagined_unilateral_fists,imagined,right_fist,436,6.103402688875584,6.130402860459527,8.864449060979883,8.726650781729727,7.612567128409079,7.4456937245052215,7.532185961180662,7.403442050289604,7.340213000224418,7.281179739345886,7.53808110810735,7.413970285087736,7.228271369587241,7.218911389975887,7.612895453189909,7.48851410018387,7.501570237035171,7.295539146070989,7.6932913142580714,7.492786116405838,7.633588257573383,7.449449231967578,7.685192926161235,7.465209934245311,7.448825034714311,7.238605936700709,7.730679268603451,7.536267284257256,7.270321204602475,6.9418177580238725,7.714374390012901,7.505290726842244
3,12,2,imagined_unilateral_fists,imagined,rest,437,6.4034192089475495,5.896497502469502,8.931333825572635,8.6978720111108,7.657668224245944,7.372750029393848,7.635834953831468,7.310628747922623,7.472980820825015,7.0465821282530525,7.636892415293532,7.296831228621997,7.3863622620906,6.958094852038646,7.700122020209721,7.397375627650495,7.2842828958851005,7.315442668514723,7.551699552233399,7.457752055338318,7.45248437579336,7.415010670130527,7.503458197187085,7.440767326093914,7.17344362026815,7.275349675263141,7.563660129809281,7.523708443329011,6.9573233685137374,7.087946797912884,7.494339633039981,7.493733093467773
3,12,2,imagined_unilateral_fists,imagined,left_fist,438,6.225216996104019,6.061820642036379,8.925093782486377,8.631489531826901,7.636508733364204,7.348972373132121,7.559864585567459,7.295825585418969,7.304851405582627,7.137444987268073,7.576235001180183,7.255854776373182,7.232726248835001,7.04056935798577,7.656574845911062,7.356960053284361,7.375274795424558,7.364383413860361,7.5708036578452305,7.519714320783572,7.492232551849483,7.480350088915338,7.522806380951193,7.491458536845403,7.27167788912794,7.303218909777402,7.567595923507944,7.545927913274895,7.0443596846789145,7.068259825704267,7.500998058257561,7.528445535080986
3,12,3,imagined_unilateral_fists,imagined,rest,437,6.178774303913914,6.09384921716542,8.792627722106296,8.647803851419143,7.559838745054238,7.427352226140288,7.519757695697311,7.361437726327659,7.287260230345617,7.168072915916772,7.5258603444063725,7.349788305056554,7.224253657134622,7.050635208907425,7.602702456408321,7.431508048194961,7.328155879803407,7.206288443466649,7.539944110823778,7.421980184656203,7.4875274521416975,7.3387209284848645,7.5165393161666865,7.379782484409374,7.270554642519108,7.134368708117606,7.563904603025681,7.463173799840668,7.045485600468506,6.877259320861419,7.528494013927298,7.414546802597634
3,12,3,imagined_unilateral_fists,imagined,right_fist,437,5.8292802423532,6.040975587936767,8.726085345514534,8.671714734826594,7.347582035255861,7.429876838173814,7.314039968607377,7.368590306136739,7.067452512615932,7.1352783777161495,7.291176755586606,7.388264471022671,6.917949045321735,7.05535912410365,7.358856922493425,7.482284643903432,7.2730420106699825,7.215702691087141,7.448327491250277,7.393551123124162,7.403176778445717,7.337842292402712,7.413118160633823,7.39048691274362,7.193036113954623,7.168979422023523,7.505560890114307,7.428139547755695,7.0019318780393975,6.940536570580396,7.468559027419474,7.400322073739208
3,12,4,imagined_unilateral_fists,imagined,rest,435,6.167531981232746,5.916245859972871,8.748727156174713,8.652391114411145,7.4581075816074645,7.398243627726519,7.465550217838569,7.3100367268716315,7.348073343722565,7.005732484533331,7.415671329039065,7.310463560715711,7.197931409591356,6.942117864116686,7.486613909028162,7.399782217425215,7.3768190319673534,7.214281755209563,7.627883166685563,7.349128653252307,7.546242272125818,7.305782688183106,7.615435283290189,7.324025150265324,7.279367004056077,7.164515815397622,7.654852648838782,7.405227007917711,7.015888692329178,6.9602470356844774,7.6126348696598924,7.406049597269678
3,12,4,imagined_unilateral_fists,imagined,left_fist,435,5.95550062153718,5.9887632037844964,8.660956907937909,8.525339081310285,7.412965843014387,7.32376405300572,7.333504801623594,7.289383105668975,7.101688220713542,7.175854143450823,7.308907332696809,7.318297641573082,7.019151078856586,7.070884398537849,7.415169669613819,7.369703096337738,7.265960305093125,7.1678386120192235,7.347954633052674,7.388399262158884,7.356561028853304,7.321711165520053,7.383308417527203,7.380303933674522,7.197683173188018,7.0652332418376425,7.440058425174398,7.462769416987544,7.0055062447205705,6.800211483557504,7.427157846383512,7.421713532416062
3,12,5,imagined_unilateral_fists,imagined,rest,437,6.02206521167151,6.064236250347916,8.668710510860729,8.552027561546932,7.3836773768607165,7.366143637070705,7.335847286885518,7.335377487200512,7.072402236863462,7.154289644839342,7.305251529762846,7.329351634537583,6.978211471175229,7.059697331257879,7.416300079630897,7.394908845682059,7.2366624529026415,7.249741546592576,7.482445016460695,7.447517868609291,7.355346105270197,7.3975529845887085,7.434333789533237,7.4382423339864445,7.153097260983522,7.169608987585128,7.509001163710885,7.48831030745269,6.940084912976993,6.9410405664349675,7.481561242173435,7.46524070022197
3,12,5,imagined_unilateral_fists,imagined,right_fist,436,5.869577459536809,5.937648758040003,8.719939022912774,8.504541870182058,7.382488758706264,7.296957488239786,7.319161170529626,7.238440339161455,7.009899873269749,7.110782401983899,7.334422656279642,7.234472613179809,6.934794456454056,6.992434563521537,7.411516649797121,7.315764269173374,7.1614879111324985,7.265930514717966,7.381482618746456,7.477163107282858,7.277402472006769,7.408638332620948,7.330365378872135,7.439897593893878,7.133033577922352,7.172594832218413,7.412124073808021,7.5107158795638,6.926906353419508,6.957159090691581,7.337710652243186,7.502821761026177
3,12,6,imagined_unilateral_fists,imagined,rest,437,5.766688457712122,5.9269259513352965,8.704379413941636,8.610262791410246,7.37100895207125,7.373850663876241,7.331062041297558,7.284770510682729,6.924490349017756,7.084800518159437,7.307621785666077,7.2503633709851245,6.849271277062702,6.98037217962722,7.416317238762287,7.377363180722175,7.203691795932235,7.2718071356744955,7.331912234727153,7.473402301288103,7.2756182566829,7.412792232081763,7.288216057047144,7.469569202964441,7.163313502621922,7.213892935482926,7.386853559385941,7.518004714100814,6.904315394437688,7.030574102184226,7.319967751683128,7.516187301467857
3,12,6,imagined_unilateral_fists,imagined,right_fist,437,5.934622848202763,5.967609294231843,8.815231052246435,8.671729296730364,7.5080957204391146,7.371658278187627,7.444197666069426,7.300630875626581,7.193261039516486,7.102714313864141,7.378870377965578,7.312902748695083,6.98558007711817,7.0522453385560615,7.517928961852897,7.395728313424336,7.18400468927997,7.227713439414147,7.358537509409317,7.438132444600147,7.299871635220793,7.367032364271877,7.330039087281137,7.402014839574033,7.1418891713984,7.175434879119566,7.404852781353261,7.486459428647799,6.949782125899142,6.963624002064812,7.382712759844054,7.454228439325435
3,12,7,imagined_unilateral_fists,imagined,rest,434,5.990099973820379,6.057633386452967,8.668317270847032,8.762686997738054,7.361820612102442,7.501868813636133,7.2768295442188755,7.433821201516179,7.087751700521925,7.149364848213398,7.313055011582351,7.382046957762197,7.1037365779415245,7.015228916434933,7.43033771721544,7.499448464630356,7.475871716342192,7.157262813258683,7.6228412299802315,7.311366947942767,7.588145217229415,7.279172628556863,7.605360840330277,7.312394986445842,7.418778239649051,7.086513192049157,7.658489603969224,7.388131053549522,7.1864372090916255,6.896694496955481,7.6321383544800865,7.361388602172167
3,12,7,imagined_unilateral_fists,imagined,left_fist,437,6.1734299792259355,6.029921272498073,8.644989932372978,8.704742539995488,7.435927702674956,7.420719499188775,7.382761970759074,7.337264036591131,7.300039627216676,7.1101091178651945,7.31617990612055,7.336294562837548,7.215155837681552,7.022670572291172,7.443577480327082,7.4385145606254675,7.361991026287661,7.208128557564109,7.58342617958709,7.350338379054198,7.521745353100558,7.337646173850843,7.564713935891534,7.361891032158375,7.33512877169394,7.138197742876415,7.694155943120411,7.422897692813891,7.10782506730926,6.920639711215807,7.6653105493389955,7.413631023916367
3,12,8,imagined_unilateral_fists,imagined,rest,432,6.020314454804725,5.882545375242668,8.780027790928349,8.674178116139895,7.449509512415242,7.385427792749503,7.3720996489225215,7.331730408974668,7.197770120285339,7.052726272226653,7.425776666741777,7.282362028649965,7.165489845189609,6.933146459804816,7.495318115000042,7.408141174728189,7.302168073795253,7.242515567638244,7.445471348800955,7.40808318215414,7.433295216550047,7.353915860653814,7.440712968822937,7.387580237929211,7.255008350103162,7.183684581429455,7.555631721764109,7.445367977554589,7.0610281219158235,6.981234091057434,7.547621919701542,7.420512990238672
3,12,8,imagined_unilateral_fists,imagined,right_fist,437,6.03155790546575,6.078220182733743,8.806396488821605,8.58406466014985,7.553145593416774,7.367603919615139,7.48711934569419,7.291252197765417,7.326235983923846,7.071343021477419,7.463677293654465,7.272422260994806,7.224733909069618,6.965715891120573,7.574194685808125,7.373922003771423,7.2486526608242805,7.303721812202532,7.405898103262015,7.464022090673389,7.396748840518439,7.426775661492322,7.423723305892045,7.46473405966914,7.179348690046012,7.228397797862291,7.518827273187413,7.528164408405739,6.995532538205639,7.000478383363498,7.539844603224601,7.483633063263588
3,12,9,imagined_unilateral_fists,imagined,rest,437,6.0364856146574075,5.970466124644702,8.527848157100944,8.627468706388271,7.366970977125136,7.378700592203192,7.303017837779811,7.328538262606155,7.074321617700013,7.10656884338314,7.275538835250016,7.2935441615324414,7.000319029256967,7.001733876696404,7.390974521973505,7.399219493464723,7.374625548397768,7.263599075015134,7.556700145712585,7.412971182035747,7.492812547669072,7.389192296399348,7.525947705061817,7.395585177125386,7.324729856665679,7.172471718717875,7.590792810660407,7.464621529214155,7.10057995355219,6.965272957499027,7.574033868522985,7.442065835720549
3,12,9,imagined_unilateral_fists,imagined,right_fist,435,6.185762257802569,6.163296857558441,8.71848007091713,8.638621183918373,7.508910790964928,7.372549983945839,7.378613277553143,7.345808631693433,7.1711259603121,7.147873646709811,7.379111869983006,7.288401840708546,7.1343403386159085,7.009102506050849,7.520820625867247,7.39097365462194,7.351889513200624,7.161261457041839,7.556780717640611,7.426590633557136,7.483938613678474,7.332762204275738,7.510804374065595,7.379303074433048,7.281143713070331,7.063505835468622,7.577621145396967,7.446635162569682,7.076092072807566,6.847268705050178,7.548617989025627,7.412765787065343
3,12,10,imagined_unilateral_fists,imagined,rest,437,5.97209631326755,5.9580768901706955,8.801130729600343,8.583199284328204,7.38064700346793,7.334677840235025,7.342408003339801,7.262184057961361,7.207988529203066,7.005866193555978,7.278195605597538,7.258706112756743,7.033600173031797,6.974735566200102,7.3771913057466225,7.374842804808469,7.321431653682732,7.1739936783055,7.450654245763783,7.376793639318693,7.437090883372025,7.302499751787689,7.471079772406947,7.339364013052593,7.208516144423135,7.095022669317936,7.533714940911507,7.410660747206347,6.9600129615614215,6.905930605303819,7.49382252600484,7.379592526499275
3,12,10,imagined_unilateral_fists,imagined,left_fist,437,6.1188506390342,6.086091541232383,8.683823304976098,8.602806541176154,7.430769512710022,7.426701383205212,7.374387535728166,7.331549530923915,7.142483381512181,7.096445818842494,7.307127477424681,7.337676671320956,7.0092306451685715,7.024567474453593,7.448674074837189,7.438689045074075,7.347583347568993,7.0606902554765725,7.538403229786501,7.21741949584276,7.471106970513936,7.195435753595322,7.516390574689933,7.229371876672221,7.282362633502165,6.987232910669337,7.583550374116598,7.356475051948382,7.088295168473584,6.746125719465331,7.549173191385324,7.317795680224105
3,12,11,imagined_unilateral_fists,imagined,rest,436,6.135013019512079,6.053988981853323,8.747585130275276,8.433772173502332,7.484243263367018,7.302855868051881,7.410680082087773,7.213659163316654,7.052920283827011,7.0668261485601045,7.396618060720209,7.190234412865133,6.996631021472901,6.933360516286176,7.543070931053288,7.272645532135493,7.214540136618893,7.154245360465702,7.4035725718544025,7.366868006482944,7.312515748029607,7.292733578464961,7.354902813959372,7.33532568426058,7.135064192427943,7.053836609575841,7.360850779894452,7.421350664557143,6.963428996662193,6.822252778550528,7.3379949162978235,7.395591267546213
3,12,11,imagined_unilateral_fists,imagined,right_fist,437,6.054077541872259,6.02430835795739,8.652538175285132,8.432037702230083,7.364195579260455,7.254500119288934,7.319465819858342,7.1993862344471875,7.092658633433344,7.023680302644006,7.310809924677607,7.169370168662353,6.974878226805045,6.907752032581238,7.410430135006418,7.279557220759861,7.133444694957705,7.148343950593582,7.372310954541068,7.30487434192813,7.276078566568696,7.282762780836985,7.334711879805504,7.324655269066317,7.093194226449529,7.034134157024828,7.409337369327041,7.392732649498481,6.873463489458347,6.8002721506111365,7.353403007083126,7.376110243156649
3,12,12,imagined_unilateral_fists,imagined,rest,434,6.256628447368114,6.0987774652191975,8.585344751533238,8.520269682893097,7.357333969560939,7.306111417955116,7.312197823573116,7.223396509037357,7.129839902540114,6.967889709627967,7.348509846220015,7.183541486355993,7.042577690800186,6.872107891790816,7.439692948198087,7.296900306227348,7.273000867956329,7.102874584669023,7.468716206904263,7.337405519397832,7.3961526220191205,7.241124547727963,7.426014853279415,7.285025853845344,7.098938693735902,7.052314077519462,7.465659262208033,7.357781720348723,6.830056887297393,6.86765123785986,7.431113071648502,7.332216558959413
3,12,12,imagined_unilateral_fists,imagined,left_fist,437,6.202417829395648,5.959878816257879,8.61422131582529,8.525197034864895,7.469593645143886,7.264118189609104,7.4065956378227495,7.192971316886771,7.118926097160174,7.060531439465825,7.362449071384074,7.184775819251949,7.050279023632518,6.950043203702076,7.466773209179039,7.291624244282321,7.208669968127199,7.2575064817172015,7.411264016396735,7.503217116645532,7.346347403271533,7.401657294968047,7.376174361576678,7.453822223966858,7.123812918072744,7.165283872709969,7.4579154976357875,7.533929853046514,6.952493850204737,6.945358516397432,7.438882063152205,7.5003233271416745
3,12,13,imagined_unilateral_fists,imagined,rest,435,6.09481894542963,6.098737684449692,8.625278440926591,8.487075257813846,7.401512982523352,7.3114705140584295,7.350765924625114,7.242341734756551,7.111043150777055,7.060947929567903,7.330547964392957,7.222894584391358,7.010223932729339,6.959536814960432,7.416097376060168,7.333709523394309,7.301800116710255,7.113648579811849,7.480955298168974,7.413218849760349,7.417634654041657,7.280938825461984,7.461143346952099,7.335580278266739,7.239854992664315,7.013888000752615,7.49849642028642,7.444578882975878,7.088752453147774,6.765815490345241,7.504454207249471,7.372247860431616
3,12,13,imagined_unilateral_fists,imagined,right_fist,436,6.161347909140011,5.9493696107339895,8.642311713402252,8.43558800905628,7.426890986577993,7.2209771954806055,7.391198073563483,7.133975562369511,7.086412599009738,7.0526896085255935,7.353576416916802,7.111699708353343,6.954269579628901,6.956118949423153,7.453774853354465,7.220526777288571,7.108124744292946,7.235365077634728,7.3442567267787515,7.45878075244544,7.254319380495579,7.367764658417421,7.296153392591108,7.40859245220323,7.078271402689302,7.1253119735018755,7.380649546597302,7.472978141826484,6.845736137714969,6.93239174849681,7.343605964436955,7.458878429782957
3,12,14,imagined_unilateral_fists,imagined,rest,437,6.116411483651836,5.893694322015146,8.647295732739043,8.508712523746668,7.380277992779943,7.19394580186168,7.300265547182605,7.092475357889274,7.084386806302438,6.953521256151159,7.212230155319643,7.101103275277791,6.990776940060963,6.827514616487733,7.353902847349345,7.219815202001471,7.203498329755233,7.1877974473299115,7.4023659400183766,7.365459940889353,7.340225545429874,7.305604091420624,7.386572471207702,7.354436598882789,7.078056609437728,7.105436766028429,7.450590083921437,7.43824144939781,6.805496490216685,6.916972927262345,7.386151408623492,7.408784365218401
3,12,14,imagined_unilateral_fists,imagined,left_fist,437,6.159137929378235,5.979678607583462,8.675452631341685,8.41973898892529,7.4718035223634045,7.197732126125106,7.384675015107676,7.128151088724553,7.109159491937626,6.980816404319733,7.342511489034968,7.112337399454604,6.997711376054325,6.8490008820851465,7.453505520181178,7.231572278097969,7.086892922848838,7.039639916096349,7.260789783999728,7.285238828785236,7.227441469031568,7.195717269854639,7.270228267542227,7.241152352955585,7.009764659622373,6.9541451861536725,7.361617244485915,7.3319441989073,6.822352388830401,6.742137810376598,7.3370146702578944,7.3147380242502615
3,12,15,imagined_unilateral_fists,imagined,rest,437,5.895768475096307,6.199929720963943,8.67933619586108,8.494957029086605,7.329973944376733,7.247959512895239,7.280849310774232,7.168692393186365,7.093804091400094,7.022037825364035,7.278923494723454,7.140975107316476,6.990551752402181,6.894765732471458,7.387167721220437,7.260319730388228,7.1243621171211355,7.120148335615268,7.247929389117555,7.2817629286369465,7.235874904819975,7.261090109173359,7.3027364197405875,7.302351176808114,7.038047674126902,7.019470294515293,7.42365252193437,7.410769368126072,6.815851449267399,6.807345776739494,7.36335771800301,7.349386692921071
3,12,15,imagined_unilateral_fists,imagined,left_fist,431,5.859143641893056,5.94581668789491,8.605460859589963,8.481698180949817,7.271800419917704,7.205101046951318,7.213582951255709,7.1203345461350525,6.928127871645479,6.959086962110722,7.132082927127614,7.114991190127191,6.7372637208837896,6.838179373232529,7.277917543211862,7.231984224427701,7.2907807067766806,7.031654269479852,7.467224329306365,7.218821158661823,7.374743700389949,7.179849207104036,7.440797827754867,7.227800994199201,7.245271344537712,6.906578824241096,7.4962818002520875,7.334509705069229,7.055116354484833,6.703372881069247,7.450202656747543,7.297496410857995
3,13,1,real_bilateral_fists_feet,real,rest,436,6.569764559196509,6.51984012244648,9.232098445878828,9.376599938693417,7.421147283355657,7.544134322671438,7.354146861430378,7.427024134709608,7.310953000650643,7.2288115323507505,7.311695197029642,7.356270530720705,7.181321660005389,7.1085519313477095,7.429514355804886,7.507351464722908,7.564293222771012,7.2428403473806,7.70242975558011,7.476514106663519,7.653904048906597,7.374963511399824,7.666560260727534,7.421802957383004,7.514470986354325,7.168541982475594,7.713884942381481,7.50768353604188,7.399673913810654,7.009542647514651,7.705120952126456,7.478562395472918
3,13,1,real_bilateral_fists_feet,real,both_feet,436,6.20099006433754,6.007077452761546,8.596994899589616,8.768812555111976,7.255724028077447,7.316439473694508,7.23617159536385,7.229618984356573,6.990812848320712,7.057744892936547,7.13694803973361,7.1866124717881,6.866446581483657,6.936067182976493,7.213662102287605,7.302945656761562,6.807794075488184,7.224686298295084,7.342906776153697,7.53373754075904,7.145775469152942,7.237925623033021,7.153900434418575,7.269433525687882,6.904037642376578,7.29990716099734,7.307335631636543,7.365194777162433,6.6753953072232735,6.769348234913617,7.197277869256679,7.363273216396342
3,13,2,real_bilateral_fists_feet,real,rest,437,6.18797855847316,5.8724473886624144,8.668847513234157,8.531409658119632,7.388255740125338,7.145671049223109,7.246620704317916,7.0932790999748665,7.0539575409828865,6.966143729932101,7.207067478411262,7.0562072543679335,6.925998247265367,6.7692059229035335,7.365234806968,7.158239437291332,7.066154571511422,7.036349219585692,7.259463453984591,7.215443784649503,7.181981874412426,7.146340659169342,7.263825202412686,7.206227158706244,7.008938956223049,6.924674625529963,7.368331569547943,7.294320480011085,6.7737174617532565,6.69601906123639,7.33251058013234,7.273652410146141
3,13,2,real_bilateral_fists_feet,real,both_feet,435,6.022598054400176,6.125578354800422,8.69265552571543,8.742994760919549,7.260633221347426,7.316589009165189,7.143955169953409,7.236580462343073,7.01750530713553,7.037463566423612,7.153124510186047,7.184777188670165,6.862773953446821,6.941550141810052,7.280434208829835,7.312806671913963,7.0789831506170025,7.117030586474105,7.2965856985599205,7.309643990789856,7.206354661393399,7.229714473276266,7.262973610163437,7.2699454136427235,6.997722689365521,7.017446377396369,7.360151056096359,7.353954619614102,6.8129462237473675,6.802827906372713,7.32208596091781,7.34293366799889
3,13,3,real_bilateral_fists_feet,real,rest,435,6.16542996047371,5.915048892918964,8.596068720442354,8.633505052583295,7.28572307153352,7.177202051359684,7.164356291903741,7.068356702504757,7.151262450788611,6.852789452508493,7.127280356679805,7.069030138805499,6.888587642016897,6.762600821080289,7.223857059863923,7.211519029581348,7.140429570655398,7.025475761854596,7.351205754380408,7.235870007556207,7.273803578050981,7.128482131063029,7.320025506068286,7.173548581134776,7.03797138811009,6.929350257792391,7.391483501639083,7.25920331269068,6.803502876643024,6.7237552777872,7.36482901976369,7.225668213770429
3,13,3,real_bilateral_fists_feet,real,both_fists,437,6.1612602490582535,6.107330622995325,8.957522362457192,8.740783643765598,7.431006247709555,7.300853280914653,7.300210716484178,7.210701807623694,7.123622176431344,7.147661888485339,7.32147605695982,7.156840927458505,7.087700251422229,6.946208231976341,7.499914393036514,7.285957099203596,7.335924050378923,7.111295102672197,7.476058542746033,7.340498571256087,7.413403648852999,7.248534591069104,7.434951772721212,7.311687519062257,7.289010634118073,7.007305936885461,7.516783183721735,7.4166798577256845,7.076912839367476,6.79669972682479,7.496645827425536,7.389669447741361
3,13,4,real_bilateral_fists_feet,real,rest,437,5.745067663009415,5.850911082118735,8.3312822626482,8.256375245377107,7.120839714885441,6.877762746876533,7.013856206863737,6.886869107142087,6.770402937084327,6.742373308925154,7.028448832486678,6.877656848839903,6.61582756155162,6.58064093855073,7.118163352426964,6.966744425772547,6.598395391341367,6.790460125037471,6.911622287829678,6.960749952309032,6.782123801666212,6.8901076990267365,6.885385429393467,6.928965707158947,6.454727594887232,6.657393509426477,6.999519747629107,7.023503087429307,6.239315260107395,6.430665406647922,6.954716842627932,6.975387667407457
3,13,4,real_bilateral_fists_feet,real,both_fists,436,6.1240665617064245,6.022285038397575,9.081431779041065,8.842642944119063,7.378698145526075,7.293227816258094,7.265870657229083,7.1570803747800165,7.146076571030216,7.055331092968256,7.273597094308233,7.121882923546548,7.04049038819817,6.897313610124384,7.4119339059394935,7.282294891572087,7.208776072018689,7.217809334631857,7.4170464075616485,7.421312020238906,7.345640512453248,7.339115409420869,7.379005215831003,7.381742826528285,7.084241873205715,7.098170991441995,7.456767276284932,7.481108666983105,6.834862483343216,6.892403340524969,7.4245202817301665,7.448133858270105
3,13,5,real_bilateral_fists_feet,real,rest,435,5.740912918379743,5.914791040725092,8.605017801845255,8.503659549235454,7.039494189760939,7.149046337116872,6.959054895130592,7.02917482503058,6.8996763952288935,6.955886678096977,6.968039192664566,7.008652765354629,6.747967923882782,6.771109434462158,7.09723515812833,7.128453839446348,7.19147292951819,7.005802855974958,7.306021827093687,7.2214503006631015,7.256403170465459,7.128925984347775,7.286423710137389,7.186684981247716,7.123568037741949,6.879536921910901,7.34426745357586,7.313470744595072,6.889823035110311,6.664293249259798,7.336382890641812,7.26094574077258
3,13,5,real_bilateral_fists_feet,real,both_fists,437,5.951222280938191,6.056923782768679,8.841647734792732,8.904609427402384,7.315906760751977,7.37296953499341,7.223793724163119,7.258518384705816,7.110725982376175,7.128227127164101,7.174636343050241,7.222436865787725,6.9594378095980485,6.976579781857426,7.334206937342597,7.376830796452788,7.245397865545232,7.113986915529154,7.415904064579378,7.306417806733855,7.347121594403083,7.239838940323112,7.396433312457515,7.272234672530277,7.187747505975203,7.029974505930115,7.504475946270876,7.385542410810061,6.977467220659861,6.8262598400822325,7.479777293877688,7.358895736359677
3,13,6,real_bilateral_fists_feet,real,rest,437,6.001634602609049,5.936801570420265,8.592979400006485,8.526807303283498,7.221703243259122,7.164529296442939,7.068017419635456,7.101350701597256,7.032534708591155,6.856614558505725,7.005550743704977,7.079577139848376,6.8237246318093,6.715262905145405,7.180632364145874,7.195493253962333,7.182013417914691,6.992700988634858,7.335124746066165,7.2435683384979415,7.277021876082337,7.108231668363416,7.302608581705553,7.176611842616131,7.074999332157566,6.882793821944396,7.349595763278585,7.28609866440617,6.8483683917343745,6.69264512951927,7.353759311621412,7.219560774932457
3,13,6,real_bilateral_fists_feet,real,both_feet,436,6.186476526567753,5.906181762717008,8.431562368308187,8.331779546348695,7.277555041177514,7.0144813471913405,7.223788991872801,6.933553442918112,6.996826419471733,6.888143561230734,7.162043979352349,6.8910742541680525,6.741392544181175,6.690811888683092,7.260616938348754,7.02303584161089,7.027487936881851,6.877620793515228,7.231699898798445,7.0879435191063225,7.140803407527953,7.021415266810427,7.205581716749749,7.080963113517434,6.90916823837406,6.777139549881966,7.299302976954268,7.17382780068164,6.696981492328305,6.593581372271443,7.234215049789651,7.180366828269207
3,13,7,real_bilateral_fists_feet,real,rest,437,5.947851603796981,6.052451485003633,8.470500205019185,8.560121441866249,7.186805877859293,7.269465812785234,7.112940740008518,7.16981419705923,6.879725835486786,6.978755333954131,7.124278294830327,7.126627352004657,6.713058110897912,6.824485382998979,7.248981011299326,7.258234506922778,7.137665797756012,6.920655077139313,7.271019327066714,7.155583710670856,7.210993406856255,7.067736000326302,7.241997854239087,7.128538734081968,7.048005110240761,6.774409616963336,7.3364531210787955,7.207324728483128,6.804410174654164,6.598193225675594,7.2963659197295945,7.1653993854958715
3,13,7,real_bilateral_fists_feet,real,both_fists,437,6.161206118061638,6.097491627565632,8.675178845928542,8.759301556272208,7.276056793938027,7.340137665567794,7.175509691820799,7.18421087598552,7.125874420707341,7.0624845872776305,7.112952066755585,7.168464791245123,6.894223442848477,6.953617583521024,7.23960219980356,7.344604237437743,7.342284794796277,7.294661555701665,7.591415423563988,7.552830897898566,7.391621554081792,7.205369509455712,7.418872101022246,7.246283102372532,7.058728050384566,7.095787380799656,7.440243455568842,7.415451670398541,6.864132345281482,6.797556882623636,7.4508953634428385,7.355103276932699
3,13,8,real_bilateral_fists_feet,real,rest,437,6.126100072185204,5.93395718102997,8.392472504792996,8.345371831970587,7.217712301577212,7.083508661193727,7.115249445355241,7.02322530808504,7.023332939846342,6.835456728304645,7.111897198397807,6.983717227850643,6.841957107793691,6.686420235595315,7.224957714173701,7.119822076035316,6.9907312816761085,6.939088033620269,7.205322516859936,7.173514658377416,7.122329400622183,7.040927655172856,7.185757199423176,7.108595702891975,6.838931228554423,6.825540403482209,7.271711208502975,7.211134493034627,6.627709480184018,6.603002154944832,7.261527868545201,7.161805719940863
3,13,8,real_bilateral_fists_feet,real,both_feet,435,6.06746307482012,6.019485543227196,8.286320394512991,8.294820817111665,7.17695536894673,7.077549881824894,7.09774502614162,6.99206995171336,7.015663536161711,6.712688173996633,7.079276276484906,6.99667980400152,6.8479277163159775,6.636874983288525,7.194861376315693,7.133619427600338,6.939193039579233,6.829637559125281,7.256774647517899,7.072055899067021,7.077889909725328,6.934181733253514,7.14595580003716,6.9764517250298255,6.784176399564262,6.717616574169495,7.260439141754726,7.087234373039898,6.56879723914279,6.50440438950958,7.237646696297873,7.034607762971258
3,13,9,real_bilateral_fists_feet,real,rest,437,6.100057349026786,6.084983775633532,8.27680348750936,8.31034432611559,7.175901857888341,7.164517323193464,7.062596271052011,7.103558401317828,6.903503536121617,6.894711550038159,7.017724287968093,7.087261732338149,6.693077013918797,6.738778232834902,7.160331251587849,7.1939441520993155,7.119496395191108,6.769436947396581,7.269081008620752,7.025857122577156,7.209259334351739,6.910633273227608,7.248973087501803,6.988387799286353,7.106789891897073,6.796935786430244,7.329045043267835,7.101279050777971,6.775568378192335,6.483916925654748,7.302161989522341,7.063169139115538
3,13,9,real_bilateral_fists_feet,real,both_feet,437,6.021207067443397,5.862071911949132,8.3044012445269,8.106222788797849,7.136198238928328,6.997300135770174,7.069751294164283,6.914090611248294,6.902001092393969,6.812900012142624,7.068874258592575,6.87917238123644,6.77886528431966,6.65093456660673,7.188105707842604,7.007555121684398,7.07564755932811,6.9196299765836615,7.288560833784709,7.080004285674326,7.188153808198692,7.034197661303999,7.244695868933815,7.0793750878995505,6.934955109706446,6.7548451615356795,7.356992390976671,7.13848124611572,6.725969245131668,6.574418849774802,7.304670451605043,7.112969701698895
3,13,10,real_bilateral_fists_feet,real,rest,431,5.951084815633789,5.913538951868793,8.209523914975989,8.312528435211565,7.039533983904863,7.181112896175659,7.024997232055078,7.0731930396794365,7.01213082041772,6.8295497018918745,7.0241995904654715,7.0505455442362095,6.850475344866705,6.678247202630069,7.098325795868016,7.185341919476869,7.1464588168121175,6.841424241829185,7.389461953771127,7.016156347066294,7.263857147666471,6.9503721946868255,7.333695657792158,7.003922563503488,7.039982275597217,6.690138992617948,7.451488985284132,7.088035750304602,6.838201775917378,6.471604269701097,7.408845009743194,7.0478227490991046
3,13,10,real_bilateral_fists_feet,real,both_fists,437,6.294205122804619,6.342476369794548,8.76304829261145,8.638405174003355,7.352137775171316,7.347888176663084,7.247903031118627,7.2387937600932615,7.283235200680716,7.271184975220962,7.150609406650843,7.245669797992068,6.992858732474942,7.02721053272013,7.33239044476729,7.364627879051933,7.277048223205267,7.103741332873944,7.4076195849454365,7.35872820972702,7.297964222192781,7.279953285819632,7.382620772448637,7.31590024799243,7.292938062313259,6.9702952820410005,7.463858485562975,7.425936762777715,6.926882397306315,6.75787508620093,7.430100891315296,7.403218202363309
3,13,11,real_bilateral_fists_feet,real,rest,435,5.836207265466561,5.5010975713184225,7.157107810475298,6.760732228053299,6.787950142537267,6.387752242926875,6.782568665258532,6.365658050833611,6.33271155440363,6.39370077932901,6.753628369144567,6.405307212386163,6.147452485739208,6.149004901954364,6.818113263977436,6.471366617728368,6.313226561342125,6.541401815258236,6.55450884699193,6.774090203375579,6.363849799489553,6.651279970356839,6.451972253521065,6.724775764698405,6.293146656496488,6.338663835436751,6.584728326571343,6.7724165803292005,6.123223398856259,6.089957022611828,6.512757063492002,6.7306850888086345
3,13,11,real_bilateral_fists_feet,real,both_feet,436,5.4121059159243226,5.9331492757426725,6.752409180892031,6.489143465076141,6.502294485212141,6.595468955417199,6.47815303196224,6.614613317275704,6.400867192079272,6.303980005765263,6.496033974532746,6.61824374169563,6.231204646898146,6.170462392488638,6.544388042454654,6.661321183189618,6.558447916404395,6.058524934034442,6.851428106792285,6.429871390460144,6.6579372090869695,6.204940901749901,6.760143554410451,6.322823717333693,6.403387152224895,5.866655795313674,6.896805074230834,6.375804228607166,6.180617464168503,5.623371035787794,6.847815163301396,6.303854993073928
3,13,12,real_bilateral_fists_feet,real,rest,436,5.6791854780907025,5.363169798505705,6.883397774844597,6.771436833101556,6.647462982426223,6.371982110614977,6.646248551010528,6.357397077098604,6.59030205221063,6.266461943455155,6.61184191446782,6.37166856739927,6.305527678085481,6.088534974751236,6.6743647117652625,6.470715908982203,6.497672036671063,6.396460938042706,6.703732050847603,6.598260632694278,6.618128898920038,6.49574100964646,6.71366932568242,6.5785535965591295,6.295145529317889,6.2983677554155495,6.769159367837203,6.656472848290017,5.974639512864679,6.094806406839739,6.654880773554455,6.629139585454049
3,13,12,real_bilateral_fists_feet,real,both_fists,437,6.004333845356102,6.015166772944921,8.526899313600744,8.426411982242785,7.166350287142582,7.12274132688782,7.051432056060908,7.007183170567678,6.862416604856141,6.903308975005482,7.00133950462877,6.942765595502295,6.7402459271392114,6.696419458038996,7.196830923310189,7.112950773701829,7.07027538762986,6.912688344243278,7.257492524386325,7.067400237745066,7.149540156677622,7.019396920311708,7.204843967983454,7.074686517188608,6.986376652635529,6.815787043632365,7.334922613606238,7.177213527945849,6.740742915261664,6.608419673611611,7.297416026747755,7.145346679640504
3,13,13,real_bilateral_fists_feet,real,rest,437,5.540445602119465,5.512539564159485,6.9511110103568186,6.688917673875637,6.569979976291432,6.447517169345369,6.513565273960944,6.435172347910435,6.33672740592077,6.449238461443163,6.515949564547502,6.411140802846846,6.143041791775728,6.182402665592346,6.6390497592027025,6.481800075749268,6.524047621404868,6.353196607715282,6.640187893217297,6.666630398514095,6.557947477860714,6.500010600771412,6.633018446837991,6.605079181940775,6.411542537194386,6.167726503601115,6.645799352897661,6.759199536315488,6.162815623602172,5.91743049078502,6.647947401547857,6.66247569187858
3,13,13,real_bilateral_fists_feet,real,both_fists,432,6.053837180305372,5.968707579482245,8.822406172403115,8.543282677034412,7.402853115797251,7.195649199808519,7.259245106180272,7.06588206764698,7.064328696299969,7.074555848248405,7.187739025714869,7.031993554968653,6.82278664203819,6.8797170665905405,7.380108182259324,7.195806212398077,7.1309933565438275,7.008218325381746,7.261666710702985,7.2115676101607065,7.203762681434269,7.146303117856543,7.2575145986261616,7.207184995885715,7.077381220763328,6.868742200758469,7.389095172278448,7.328943375992427,6.921098437277569,6.647757698172833,7.35673081450892,7.300154507908061
3,13,14,real_bilateral_fists_feet,real,rest,437,5.593617902215476,5.489125004938199,6.931796767167458,6.743931150431083,6.671828220888365,6.463023500429886,6.587428497775643,6.4606838084149745,6.4651912155438795,6.259524153544783,6.599941610671225,6.453493939060731,6.258516589241084,6.021558558624584,6.668109256517143,6.526559505160451,6.345648608594357,6.312720252706409,6.677090082401707,6.585093825878212,6.506482564295432,6.413428303294863,6.627349491882049,6.484749266715332,6.23975881167461,6.177277978532239,6.672451920444651,6.590951117221823,6.064625251503998,5.937758106194144,6.62192388014624,6.553746049572669
3,13,14,real_bilateral_fists_feet,real,both_feet,437,5.618458331115566,5.68922621302151,6.560587063957206,6.350473758679245,6.30750948779823,6.467038595853073,6.2924812909978485,6.466283214588104,6.397197908237376,6.1503238178888315,6.3492666531541415,6.457928422739351,6.214194424610366,5.875393236698593,6.416808260890159,6.505383237039034,6.493949289877403,6.090871613040973,6.796579757195361,6.330697372352608,6.594157064229077,6.207246858269641,6.6803050308721525,6.313763877115617,6.33916202764655,6.0185350707392145,6.809100524761167,6.355005286927987,6.1091622983475915,5.815242016293351,6.7500886119362535,6.325766388417097
3,13,15,real_bilateral_fists_feet,real,rest,435,5.78459346057192,5.731274899070977,6.559670782020903,6.578965226409301,6.580481506391543,6.51867436408981,6.529054573887134,6.517944706435072,6.395238760961275,6.324008716339647,6.484869079964375,6.524448796177057,6.102656045304588,6.110884039718223,6.577677125594404,6.588015511417659,6.423520728954939,6.297929373209238,6.685809696221848,6.549724754643578,6.601403812166439,6.399932569780595,6.714186382486442,6.498659334821301,6.27052704963147,6.19212701140334,6.750220174414212,6.628694330465941,6.081220483509203,5.972707987756819,6.72433426549089,6.5687207978542705
3,13,15,real_bilateral_fists_feet,real,both_fists,432,6.055046479983034,6.136958527454797,8.471002509246963,8.533928406820282,7.095868523639009,7.228537151036672,7.017114117518929,7.122061817058008,7.245863948818857,6.91099710337787,6.890855594875507,6.967055734076778,6.827208081108804,6.6650499658458475,6.997199261488108,7.166580792642537,7.870121906100597,7.862023501772208,7.521149976654016,7.580091815911381,7.301568166391071,6.8361342153848295,7.291990871360427,6.988663554071077,6.995366242791284,6.920395991175667,7.391435913197128,7.18077342755549,6.733478610104378,6.518586924707818,7.348844343338431,7.039104019133714
3,14,1,imagined_bilateral_fists_feet,imagined,rest,437,5.583610096173242,5.166388748331233,7.336297129121942,7.03259617240943,6.627246984722603,6.307749654909718,6.538182892857338,6.3028098217136215,6.313330918260177,6.212132475772275,6.501288213681124,6.34151971293161,6.142685972219398,5.951466132146034,6.593817648223172,6.4115789107328185,6.778505897372679,6.818117930820712,6.70037207413056,6.875115452708615,6.560116756932796,6.376027925249796,6.6109571116194275,6.472457732729269,6.338621878792422,6.199226894186906,6.7424189649615265,6.588149931503153,6.177258524407667,5.926644821619563,6.695529825906142,6.53979684680805
3,14,1,imagined_bilateral_fists_feet,imagined,both_feet,437,5.574183929310626,5.48802268129937,7.205018977668963,6.919436665162771,6.60779045390557,6.515229820128779,6.514614331267387,6.506622891012853,6.329570974529761,6.395312743004494,6.523348581518227,6.523323421447368,6.106185538007418,6.128091979108818,6.659804304421904,6.554773512989512,6.393386716110925,6.2247382550209975,6.6690902665279355,6.574475432665766,6.465275950695876,6.378583088537857,6.554447989934774,6.501816403550566,6.288768102764292,6.041002014960648,6.722978491162987,6.59788014139235,6.094009200915335,5.8121140093771775,6.655292399691478,6.541306577612197
3,14,2,imagined_bilateral_fists_feet,imagined,rest,433,5.753824221546275,5.5625205432693186,7.144754573318854,6.815472358741419,6.747107816768851,6.502731152323938,6.678284926495589,6.50298082249351,6.524833955184897,6.417600011694318,6.716041662290366,6.479192395848034,6.215373148363031,6.203041659469587,6.791787939200378,6.553370620351629,6.520286294667086,6.246083522184431,6.6785062673241855,6.547086803996884,6.630518050729273,6.350905653139035,6.700093242396934,6.471366603154156,6.368041376511867,6.0481436207486645,6.745604795765565,6.624711989519756,6.099088119930588,5.867958277350894,6.722423285457144,6.551193009577334
3,14,2,imagined_bilateral_fists_feet,imagined,both_feet,437,5.6576324025252385,5.456357663578935,6.967135576277577,6.784428334261303,6.673506122689586,6.423389180048082,6.613965787531711,6.427693369254594,6.474729896995492,6.422691844947705,6.606732006503053,6.4445453434152125,6.2142274818897185,6.115049653046753,6.693072553300307,6.509035501032128,6.449860566402849,6.35995339011944,6.655748503165721,6.552521748112819,6.55265425438921,6.468849961897378,6.65571770902745,6.5703915277951435,6.259267049548589,6.225683774542856,6.774817711068354,6.633772204078504,6.076757844216121,6.026673974880688,6.661967089496598,6.660182856121465
3,14,3,imagined_bilateral_fists_feet,imagined,rest,434,5.501081607055031,5.529387360429843,7.092776286703153,6.968042832799378,6.524520057278413,6.485195466974518,6.490886695304637,6.445493702733594,6.381760592443079,6.3388238858155725,6.480821316625747,6.471269503559454,6.06817896843685,6.087255935821189,6.598422250720965,6.5313872687014864,6.455316813342841,6.215362749063065,6.659661651779757,6.506211152496078,6.5448332450895235,6.3345539732670995,6.658463866390836,6.45030478114789,6.338586763605538,6.044497617167405,6.724994560392913,6.55175186546312,6.13726325694731,5.783016307626302,6.70603696299147,6.484439137079885
3,14,3,imagined_bilateral_fists_feet,imagined,both_fists,436,5.519046101540552,5.672136006681483,6.940364815745335,6.848203486424399,6.536474062996549,6.487870054768313,6.429479946657043,6.489939000713612,6.2787429834766275,6.365590513384458,6.513359166245038,6.439028218298855,6.118520309979612,6.103990855035111,6.587482923829074,6.521651703499404,6.2749679295704714,6.329784053787689,6.649686767205143,6.596896475293111,6.413716479301863,6.444141824650967,6.561288971901635,6.535985403168072,6.110701730949781,6.145594737993221,6.696146694867524,6.586753486858376,5.925343600629619,5.893337014370489,6.6113194327748666,6.533138830383131
3,14,4,imagined_bilateral_fists_feet,imagined,rest,437,5.676173958146372,5.704645382244063,6.802443365478548,6.967249762830777,6.579539650268478,6.436316657056042,6.528345258412348,6.3973642200997345,6.449803646677928,6.377118909442995,6.527204835453164,6.454163418943275,6.146844797308749,6.143335688535469,6.60074422395426,6.528491852016621,6.3956303120192395,6.392878467240977,6.672276691864151,6.6199273486452,6.529294068360862,6.498710879603851,6.6624175233967335,6.5978553820380945,6.234485240144863,6.222090535981833,6.696617144291196,6.73195410561631,6.041484096601526,5.998195071052103,6.649622027997113,6.684172397903043
3,14,4,imagined_bilateral_fists_feet,imagined,both_fists,437,5.505567367469596,5.465804629849892,6.563775466793126,6.952728427656067,6.331699534685943,6.447907979742427,6.391666059425408,6.374776015539372,6.363140121445608,6.33971535551903,6.353025243779711,6.422519895453695,5.981688366184665,6.13213854237608,6.398333781940535,6.502611776747969,6.4049342535010565,6.203187726292936,6.686470090292353,6.541588114770052,6.50907561256154,6.329124817534862,6.5955127540150285,6.449150683582164,6.325142701626546,6.0438718630567685,6.727057555115619,6.564567323628884,6.179841751145188,5.8475378161662945,6.699003746501825,6.514276347456619
3,14,5,imagined_bilateral_fists_feet,imagined,rest,437,5.707444497419652,5.476328301466892,7.152558321222552,6.886572738073095,6.545442083704416,6.38943198117895,6.586167358098977,6.341367954939818,6.505563256641878,6.350711083489994,6.540807412573945,6.413016277873705,6.1498024019469755,6.112072393553557,6.604233915789169,6.4899041459078965,6.463491471731956,6.427586877188762,6.655454062296106,6.626769338653649,6.570854253718849,6.52105906388238,6.688004177119964,6.59948067607507,6.197428534463682,6.300661414418043,6.699875808722336,6.714663384863876,6.0248052354895005,6.048782944802235,6.652593858687111,6.662798935805377
3,14,5,imagined_bilateral_fists_feet,imagined,both_feet,435,5.747284555395326,5.603248642183561,6.855885606329524,6.813490481644893,6.5567671657291084,6.537478867290409,6.519314053553459,6.50943746860446,6.481388516808452,6.3152764744331265,6.49867778023623,6.562621474802293,6.222150616388679,6.092974685565218,6.55174901421091,6.635612017026925,6.3930302325358745,6.192062103297053,6.724958547522408,6.500434331243116,6.521310257419575,6.305986503220412,6.662785079625185,6.403918409636226,6.165306813387146,6.126594949221256,6.761998919081439,6.4932317567910465,5.947491195380544,5.918090484616002,6.718054907083817,6.444558377783884
3,14,6,imagined_bilateral_fists_feet,imagined,rest,436,5.826540328811887,5.590784589745944,6.485537256541423,6.830639107643956,6.49965344634706,6.354278789263905,6.552607319531484,6.326171112885146,6.519356760561818,6.306994891190107,6.5246434517826515,6.358499605563584,6.248306943361162,6.0062382668919545,6.594272733578728,6.399228844022859,6.361832329171585,6.306377981840552,6.729716818172351,6.528693965390982,6.53009507036993,6.41069647821995,6.664234551350762,6.5243716246671335,6.124762480907217,6.165240742288632,6.760121399508789,6.602412373211543,5.907984980471403,5.96843764287104,6.701321588340403,6.576466909581654
3,14,6,imagined_bilateral_fists_feet,imagined,both_feet,435,5.6695519334434215,5.865624353428011,6.716525094589047,6.735602230981473,6.576542777314727,6.522115013644708,6.5122988149322465,6.535720321020161,6.3079107414448785,6.375174289478019,6.530931588764237,6.550739109087228,6.109680390988602,6.118716489857993,6.6361248448698165,6.5975354646232045,6.288102967404361,6.2173538331179765,6.5494522414868275,6.5073350612727365,6.396292899355355,6.341713206022597,6.4762759565273775,6.466653124911365,6.18549318201582,6.063795926972598,6.612345720590195,6.523364230701241,6.006087244775216,5.8335609184511314,6.616864927252744,6.472091025952668
3,14,7,imagined_bilateral_fists_feet,imagined,rest,437,5.744529675440011,5.534729072877566,6.774575111942252,6.816232736947652,6.622368833411734,6.272703275159545,6.6205720429557475,6.24531999300792,6.483800988299052,6.227829396036271,6.634646151352018,6.2622541355648,6.30050985102124,5.893823855248058,6.6826708999373965,6.34264400563534,6.269568014339975,6.326825224408313,6.636593750596816,6.5479074674959,6.428818542083521,6.421789561633778,6.573615662026642,6.504945654031819,6.1085168304650335,6.209015292846749,6.678712664426217,6.591751667279247,5.925306918122022,6.003302129556781,6.654277401348837,6.542489350480899
3,14,7,imagined_bilateral_fists_feet,imagined,both_fists,435,5.627610700181796,5.650399357716141,6.834916070061145,6.679734086150378,6.538346421322489,6.48578899515899,6.483690207874514,6.456897378002602,6.460654417257929,6.345556691617979,6.541732727636818,6.448509180030345,6.195343476876194,6.023368540571403,6.577794326582045,6.5103376213850055,6.42561677080286,6.286916813338721,6.64685257438809,6.520133925908756,6.5280980504113035,6.397293810805575,6.632588679127212,6.525164789373386,6.2809605831852835,6.1930902160904,6.739796380078777,6.642361764473526,5.957808781500453,5.954828852090324,6.6758555800202455,6.591736342272572
3,14,8,imagined_bilateral_fists_feet,imagined,rest,437,5.723854167675976,5.540561241241005,6.87142269814329,6.686419346426813,6.62152475754781,6.4120563785486775,6.636114642560839,6.367094919194432,6.452482869828773,6.276675731394825,6.644251248534179,6.408693254325802,6.1152292391808,6.034852528556525,6.703093194916805,6.46501995150186,6.3230860645459925,6.24871066775377,6.643260421311246,6.471090145561519,6.464023906642874,6.315529966502864,6.595237749416411,6.422603550616594,6.1150568322904535,6.096315677650503,6.692342587024148,6.470176985016124,5.951910585635945,5.861193749583686,6.641294624244371,6.434129622322763
3,14,8,imagined_bilateral_fists_feet,imagined,both_feet,437,5.95582770120293,5.547356384235965,6.845118894049595,6.590077465466869,6.4865089288876,6.356849835178291,6.395794891992665,6.360846168043179,6.467554898168177,6.293534567162471,6.351643671099607,6.395668669103635,6.085580244229819,5.9845774628735535,6.435665684257238,6.462481265475229,6.375430005811192,6.259959588001998,6.697649369065514,6.52172906547864,6.526338755451701,6.377050734822479,6.647482737431332,6.461457836888989,6.099374832674192,6.145007438071909,6.728056212841926,6.528430044116712,5.870757317647308,5.936860389952842,6.644565605113845,6.515204895027461
3,14,9,imagined_bilateral_fists_feet,imagined,rest,437,5.4262055439972565,5.49448154989354,6.534887142659961,6.825945396356046,6.400875876571004,6.402062719732353,6.372768718276183,6.390156806866118,6.425214473684304,6.1955798544182406,6.343704477895589,6.420019919181858,6.049942823859908,5.962960461843777,6.402271805465025,6.490763853680899,6.3139938874035195,6.193378219325743,6.624741488414292,6.464397998261609,6.445573094107203,6.281048375692623,6.568267388014207,6.412007547828045,6.174032317379934,6.055927277227458,6.689980712444833,6.499487346775289,5.978589915881842,5.820924371690547,6.658122367360373,6.428572005397602
3,14,9,imagined_bilateral_fists_feet,imagined,both_feet,436,5.818254880152411,5.6468502846923085,6.950840097259909,6.61351175546382,6.582251793666562,6.396250162474038,6.550282550723522,6.382214224476526,6.389014973376748,6.335813974987087,6.489801549771088,6.423747742285296,6.085530539841819,6.110158098094614,6.6292244097403215,6.482626235038067,6.323219540390817,6.265033081856187,6.523507921511727,6.566440077664728,6.426852862679711,6.400666353077107,6.536343724864282,6.512770672620255,6.254446502443536,6.077696291278276,6.578762921419636,6.617292523506644,6.050691827371975,5.886059223234688,6.555223238865022,6.561275932934657
3,14,10,imagined_bilateral_fists_feet,imagined,rest,437,5.666166327056628,5.558392484961044,6.973633951795275,6.482104260419083,6.572006517305939,6.30221995327448,6.527588523358948,6.278306908143882,6.378688773154881,6.366598346438171,6.512875574256825,6.294690075698394,6.132085464130382,6.062577249624736,6.614311810499764,6.35125109613944,6.326983431325306,6.360947226232643,6.590176997402146,6.5412575191848505,6.441297841506224,6.452285392632686,6.5640236183950575,6.542496329744285,6.156473812069458,6.159699870704836,6.668975373138999,6.615554450139175,5.939468772345371,5.923640730332887,6.646797794937636,6.574673245424602
3,14,10,imagined_bilateral_fists_feet,imagined,both_fists,432,5.782187903382445,5.57441022525779,6.6738618431014745,6.778286133315692,6.563590680965425,6.386538391203748,6.528788487079001,6.36232668665945,6.496908763578576,6.383354090058519,6.510907574515953,6.371075284734734,6.223344106649326,6.074610817539231,6.601348489176837,6.444772078542695,6.336967032321002,6.271708424961666,6.640327761957171,6.554274160166417,6.45744345023197,6.394241500541302,6.581849350304988,6.499756516492359,6.129646293674715,6.147372748092669,6.700289516685726,6.571617757072399,5.974151207067976,5.8925652834157605,6.683804521387074,6.535983379094234
3,14,11,imagined_bilateral_fists_feet,imagined,rest,437,5.546112402490516,5.6731683872995236,6.9957900009393015,6.645564583909298,6.420219644443132,6.4747042238781285,6.38118588715831,6.443079751145054,6.381768365307196,6.210211975326105,6.38570974844866,6.462153159042621,6.052838441820908,5.97161443331473,6.4900631306348675,6.5386656887568,6.399607820062162,6.143734214488849,6.661807851798641,6.448932629803757,6.485834720473314,6.2573859715992874,6.552196193676808,6.358204304274445,6.229159560408828,6.034808783594388,6.6288464363392245,6.452815216046615,5.989650014697985,5.853566283407046,6.621263673390732,6.407288375123672
3,14,11,imagined_bilateral_fists_feet,imagined,both_feet,436,5.821550663239796,5.504150655561021,6.386247777555918,6.665835737311054,6.635827763101822,6.297756667311575,6.592916308972736,6.268019739177357,6.4329509129781455,6.379571872895205,6.611055513159278,6.286447320296642,6.288029249396569,6.068836349311249,6.694338461726296,6.3611748791957625,6.324673286158649,6.33243936829621,6.587027435117952,6.604358076849487,6.445457227420708,6.434755956968957,6.540195004463312,6.544779004069338,6.185432391593691,6.1182356514164375,6.648885367789888,6.665374503286241,5.9490047470096465,5.991392766687471,6.686300628519723,6.594986526985771
3,14,12,imagined_bilateral_fists_feet,imagined,rest,435,5.90848134383265,5.52031612288444,6.901734883837268,6.478388063281584,6.626940146272796,6.324912788879126,6.639058940873493,6.302959993819283,6.4257460268667055,6.3284961711087915,6.630089611194207,6.350479421703828,6.137236679217498,6.038679953238422,6.681138613207929,6.424074308896082,6.240346341526444,6.229933054022561,6.530841667922924,6.5097831796690775,6.366539945322668,6.363477878197097,6.491670482166137,6.486320726118723,6.02909619941529,6.0539722605431985,6.584259708754804,6.565896718594717,5.786190129982615,5.843955493892062,6.535517132173115,6.5282521054092575
3,14,12,imagined_bilateral_fists_feet,imagined,both_fists,437,5.758680416831203,5.478372519195748,6.63568573696956,6.441995792511458,6.610233468552092,6.2891862158645475,6.6159001491073095,6.237673948231458,6.237751089889223,6.4219047804941045,6.66089118519333,6.236129950415249,5.99796809820872,6.133509185728169,6.735987083243747,6.314413268388262,6.16995903293898,6.31370831786873,6.463580830289305,6.53438162777786,6.265013738772919,6.437567556445393,6.434484277903538,6.502624894984804,6.125358451672513,6.053189693597989,6.531622299613863,6.611289465031093,5.992781063749482,5.815948336154634,6.512898897610343,6.576410347699604
3,14,13,imagined_bilateral_fists_feet,imagined,rest,437,5.631101426582064,5.808761979970087,6.656365064212518,6.59202793815776,6.348691262484553,6.430156022441926,6.312119289746469,6.410676695340398,6.237206411082468,6.348088566751641,6.413934275238007,6.399113087827431,5.95845730297444,6.051386994057914,6.476364826000304,6.505367650562667,6.3703072818508755,6.133154188277859,6.598759294187767,6.449514823321184,6.475669718953285,6.266259703581073,6.582386682363826,6.398636145234853,6.246073504097732,5.92679030506135,6.621291741385592,6.506213003117108,6.026962139291132,5.721985268156335,6.558213577726224,6.466244959260448
3,14,13,imagined_bilateral_fists_feet,imagined,both_fists,431,5.6961394322247525,5.627671430050167,6.860481403919688,6.457235864977561,6.432666654417679,6.442820357625509,6.388428044962213,6.394039237220479,6.3313404020074975,6.342863895029404,6.456075846359358,6.372716348169641,5.994720805973054,6.069229806118038,6.561422865050119,6.444072803590524,6.3472430164784805,6.231713188740196,6.6236163022224686,6.565664443804626,6.447832741038003,6.349477842461459,6.534493295965614,6.505361637828268,6.217517904815304,6.085304438833152,6.6334721041715845,6.589408605383277,6.0270776793290235,5.918706310073922,6.598881174543644,6.5288395234013885
3,14,14,imagined_bilateral_fists_feet,imagined,rest,437,5.63394713102031,5.566451849314684,6.566416335276515,6.585994359323414,6.451676167886325,6.3857067518128385,6.483843152765775,6.3151032590972,6.431634822084321,6.286245732801926,6.491617364259171,6.328452886536611,6.163513400317155,5.89556202090396,6.569388071756508,6.397586921606441,6.324944371115459,6.262464034239765,6.70550267537965,6.4658153512688035,6.456439995255934,6.351821918802507,6.58370006658427,6.449355915440877,6.123380747465486,6.184910671990666,6.7109281258803275,6.526235205779088,5.899728359103376,5.971415666532538,6.634320032863231,6.521580800039514
3,14,14,imagined_bilateral_fists_feet,imagined,both_feet,435,5.5069125431020085,5.7542283685264,6.669555566427832,6.298891818050428,6.292118636599173,6.406966531412865,6.290369751010829,6.3844680658800765,6.380159844596706,6.294502636933087,6.3674683499436755,6.358223837524295,6.040432452693642,5.938308773075569,6.403971505718367,6.451331200138981,6.332604385041192,6.057404981980234,6.557869605593348,6.413453535161505,6.424778926099712,6.198342995604421,6.514468629637311,6.33508312476346,6.151116475506856,5.884031979310957,6.619591720137842,6.4515323407378595,5.926496982190276,5.662463810800501,6.570572347236382,6.380548174934725
3,14,15,imagined_bilateral_fists_feet,imagined,rest,436,5.825358404492514,5.700702904664334,6.456041124188257,6.367471037630647,6.435887607088862,6.376825234700745,6.402546149329053,6.346128755385036,6.343685146507536,6.38312966480986,6.440656729293693,6.332562627481999,5.929573814575781,6.060487366486142,6.504462689126948,6.413978690010369,6.284010197704039,6.178718460913483,6.413027857412746,6.420923023051341,6.387336436510404,6.274644967385627,6.457995704856036,6.416875789727118,6.1765941947770875,5.9441930958704345,6.496553319253279,6.526037049091792,5.902678289721477,5.795188167256459,6.394771649278228,6.516014178873034
3,14,15,imagined_bilateral_fists_feet,imagined,both_fists,436,5.639135116908197,5.598206882959092,6.4996486213233,6.420329324385083,6.372777358838374,6.407018105074812,6.400244661951193,6.335961548213415,6.41114805845126,6.2832787208516425,6.390984990153959,6.379175004274077,6.114271920095833,5.987286934882749,6.461987673643445,6.459711893244894,6.309571168675592,6.12912193663587,6.557588250100331,6.36223860706397,6.4195532167427505,6.239630699498243,6.546351087698208,6.351642458713645,6.153089304397196,5.966341519590177,6.655673352987441,6.466367055296605,5.933290167696622,5.745092681929657,6.635361264759991,6.411245521212391
